id,code,name,isParent
"1","A01","综合","1"
"2","A0101","行政区划","0"
"3","A0102","人均主要工农业产品产量","0"
"4","A0103","法人单位数","1"
"5","A010301","三次产业法人单位数","0"
"6","A010302","分机构类型法人单位数","0"
"7","A010303","分行业法人单位数","0"
"8","A0104","企业法人单位数","1"
"9","A010401","按控股情况分企业法人单位数","0"
"10","A010402","按登记注册类型分企业法人单位数","0"
"11","A0105","民族自治地方","1"
"12","A010501","民族自治地方行政区划","0"
"13","A010502","民族自治地方人口","0"
"14","A010503","民族自治地方国内生产总值","0"
"15","A010504","民族自治地方固定资产投资","0"
"16","A010505","民族自治地方财政","0"
"17","A010506","民族自治地方农业","0"
"18","A010507","民族自治地方工业","0"
"19","A010508","民族自治地方建筑业","0"
"20","A010509","民族自治地方邮电运输","0"
"21","A01050A","民族自治地方国内贸易","0"
"22","A01050B","民族自治地方对外经济","0"
"23","A01050C","民族自治地方国际旅游","0"
"24","A01050D","民族自治地方金融","0"
"25","A01050E","民族自治地方教育","0"
"26","A01050F","民族自治地方出版数量","0"
"27","A01050G","民族自治地方卫生","0"
"28","A01050H","民族自治地方社会服务","0"
"29","A02","国民经济核算","1"
"30","A0201","国内生产总值","0"
"31","A0202","国内生产总值指数","1"
"32","A020201","国内生产总值指数(上年=100)","0"
"33","A020202","国内生产总值指数(1978年=100)","0"
"34","A0203","三次产业构成","0"
"35","A020I","不变价国内生产总值","0"
"36","A0204","分行业增加值","0"
"37","A0205","分行业增加值指数","1"
"38","A020501","分行业增加值指数(上年=100)","0"
"39","A020502","分行业增加值指数(1978年=100)","0"
"40","A0206","分行业增加值构成","0"
"41","A0207","三次产业贡献率","0"
"42","A0208","三次产业对国内生产总值增长的拉动","0"
"43","A0209","支出法国内生产总值","0"
"44","A020A","三大需求对国内生产总值增长的贡献率和拉动","0"
"45","A020B","居民消费水平","0"
"46","A020C","投入产出基本流量表","1"
"47","A020C01","中间使用部分","1"
"48","A020C0101","中间使用","0"
"49","A020C0102","农、林、牧、渔业","0"
"50","A020C0103","采矿业","0"
"51","A020C0104","食品、饮料制造及烟草制品业","0"
"52","A020C0105","纺织、服装及皮革产品制造业","0"
"53","A020C0106","其他制造业","0"
"54","A020C0107","电力、热力及水的生产和供应业","0"
"55","A020C0108","炼焦、燃气及石油加工业","0"
"56","A020C0109","化学工业","0"
"57","A020C010A","非金属矿物制品业","0"
"58","A020C010B","金属产品制造业","0"
"59","A020C010C","机械设备制造业","0"
"60","A020C010D","建筑业","0"
"61","A020C010E","运输仓储邮政、信息传输、计算机服务和软件业","0"
"62","A020C010F","批发零售贸易、住宿和餐饮业","0"
"63","A020C010G","房地产业、租赁和商务服务业","0"
"64","A020C010H","金融业","0"
"65","A020C010I","其他服务业","0"
"66","A020C02","最终使用部分","1"
"67","A020C0201","农村居民消费","0"
"68","A020C0202","城镇居民消费","0"
"69","A020C0203","居民最终消费","0"
"70","A020C0204","政府最终消费","0"
"71","A020C0205","最终消费","0"
"72","A020C0206","固定资本形成总额","0"
"73","A020C0207","存货增加","0"
"74","A020C0208","资本形成总额","0"
"75","A020C0209","出口","0"
"76","A020C020A","最终使用","0"
"77","A020C020B","进口","0"
"78","A020C020C","其他","0"
"79","A020C020D","总产出","0"
"80","A020D","投入产出直接消耗系数","1"
"81","A020D01","农、林、牧、渔业投入产出直接消耗系数","0"
"82","A020D02","采矿业投入产出直接消耗系数","0"
"83","A020D03","食品、饮料制造及烟草制品业投入产出直接消耗系数","0"
"84","A020D04","纺织、服装及皮革产品制造业投入产出直接消耗系数","0"
"85","A020D05","其他制造业投入产出直接消耗系数","0"
"86","A020D06","电力、热力及水的生产和供应业投入产出直接消耗系数","0"
"87","A020D07","炼焦、燃气及石油加工业投入产出直接消耗系数","0"
"88","A020D08","化学工业投入产出直接消耗系数","0"
"89","A020D09","非金属矿物制品业投入产出直接消耗系数","0"
"90","A020D0A","金属产品制造业投入产出直接消耗系数","0"
"91","A020D0B","机械设备制造业投入产出直接消耗系数","0"
"92","A020D0C","建筑业投入产出直接消耗系数","0"
"93","A020D0D","运输仓储邮政、信息传输、计算机服务和软件业投入产出直接消耗系数","0"
"94","A020D0E","批发零售贸易、住宿和餐饮业投入产出直接消耗系数","0"
"95","A020D0F","房地产业、租赁和商务服务业投入产出直接消耗系数","0"
"96","A020D0G","金融业投入产出直接消耗系数","0"
"97","A020D0H","其他服务业投入产出直接消耗系数","0"
"98","A020E","投入产出完全消耗系数","1"
"99","A020E01","农、林、牧、渔业投入产出完全消耗系数","0"
"100","A020E02","采矿业投入产出完全消耗系数","0"
"101","A020E03","食品、饮料制造及烟草制品业投入产出完全消耗系数","0"
"102","A020E04","纺织、服装及皮革产品制造业投入产出完全消耗系数","0"
"103","A020E05","其他制造业投入产出完全消耗系数","0"
"104","A020E06","电力、热力及水的生产和供应业投入产出完全消耗系数","0"
"105","A020E07","炼焦、燃气及石油加工业投入产出完全消耗系数","0"
"106","A020E08","化学工业投入产出完全消耗系数","0"
"107","A020E09","非金属矿物制品业投入产出完全消耗系数","0"
"108","A020E0A","金属产品制造业投入产出完全消耗系数","0"
"109","A020E0B","机械设备制造业投入产出完全消耗系数","0"
"110","A020E0C","建筑业投入产出完全消耗系数","0"
"111","A020E0D","运输仓储邮政、信息传输、计算机服务和软件业投入产出完全消耗系数","0"
"112","A020E0E","批发零售贸易、住宿和餐饮业投入产出完全消耗系数","0"
"113","A020E0F","房地产业、租赁和商务服务业投入产出完全消耗系数","0"
"114","A020E0G","金融业投入产出完全消耗系数","0"
"115","A020E0H","其他服务业投入产出完全消耗系数","0"
"116","A020F","资金流量表（非金融交易）","1"
"117","A020F01","非金融交易","1"
"118","A020F0101","资金运用","0"
"119","A020F0102","资金来源","0"
"120","A020F02","非金融企业部门","1"
"121","A020F0201","资金运用","0"
"122","A020F0202","资金来源","0"
"123","A020F03","金融机构部门","1"
"124","A020F0301","资金运用","0"
"125","A020F0302","资金来源","0"
"126","A020F04","广义政府部门","1"
"127","A020F0401","资金运用","0"
"128","A020F0402","资金来源","0"
"129","A020F05","住户部门","1"
"130","A020F0501","资金运用","0"
"131","A020F0502","资金来源","0"
"132","A020F06","国内","1"
"133","A020F0601","资金运用","0"
"134","A020F0602","资金来源","0"
"135","A020F07","国外","1"
"136","A020F0701","资金运用","0"
"137","A020F0702","资金来源","0"
"138","A020G","资金流量表(金融交易)","1"
"139","A020G01","金融交易","1"
"140","A020G0101","资金运用","0"
"141","A020G0102","资金来源","0"
"142","A020G02","非金融企业部门","1"
"143","A020G0201","资金运用","0"
"144","A020G0202","资金来源","0"
"145","A020G03","金融机构","1"
"146","A020G0301","资金运用","0"
"147","A020G0302","资金来源","0"
"148","A020G04","政府部门","1"
"149","A020G0401","资金运用","0"
"150","A020G0402","资金来源","0"
"151","A020G05","住户部门","1"
"152","A020G0501","资金运用","0"
"153","A020G0502","资金来源","0"
"154","A020G06","国内","1"
"155","A020G0601","资金运用","0"
"156","A020G0602","资金来源","0"
"157","A020G07","国外部门","1"
"158","A020G0701","资金运用","0"
"159","A020G0702","资金来源","0"
"160","A020H","国际收支平衡表","1"
"161","A020H01","差额(贷-借)","1"
"162","A020H0101","经常项目差额(贷-借)","0"
"163","A020H0102","资本和金融项目差额(贷-借)","0"
"164","A020H0103","储备资产差额(贷-借)","0"
"165","A020H0104","净误差与遗漏差额(贷-借)","0"
"166","A020H02","贷方","1"
"167","A020H0201","贷方经常项目","0"
"168","A020H0202","贷方资本和金融项目","0"
"169","A020H0203","贷方储备资产","0"
"170","A020H0204","贷方净误差与遗漏","0"
"171","A020H03","借方","1"
"172","A020H0301","借方经常项目","0"
"173","A020H0302","借方资本和金融项目","0"
"174","A020H0303","借方储备资产","0"
"175","A020H0304","借方净误差与遗漏","0"
"176","A03","人口","1"
"177","A0301","总人口","0"
"178","A0302","人口出生率、死亡率和自然增长率","0"
"179","A0303","人口年龄结构和抚养比","0"
"180","A0304","人口平均预期寿命","0"
"181","A0305","人口普查人口基本情况","0"
"182","A0306","人口抽样调查样本数据","1"
"183","A030601","按年龄分人口数(人口抽样调查)","0"
"184","A030602","按年龄分男性人口数(人口抽样调查)","0"
"185","A030603","按年龄分女性人口数(人口抽样调查)","0"
"186","A030604","按年龄分性别比(人口抽样调查)","0"
"187","A030605","户数、户人口及户规模(人口抽样调查)","0"
"188","A030606","按户口登记状况分人口数(人口抽样调查)","0"
"189","A030607","人口年龄构成和抚养比(人口抽样调查)","0"
"190","A030608","按婚姻状况分人口数(人口抽样调查)","0"
"191","A030609","按受教育程度分人口数(人口抽样调查)","0"
"192","A03060A","15岁及以上文盲人口(人口抽样调查)","0"
"193","A03060B","按家庭户规模分的户数(人口抽样调查)","0"
"194","A03060C","按年龄分平均育龄妇女人数(人口抽样调查)","0"
"195","A03060D","按年龄分出生人数(人口抽样调查)","0"
"196","A03060E","按年龄分第一孩次出生人口数(人口抽样调查)","0"
"197","A03060F","按年龄分第二孩次出生人口数(人口抽样调查)","0"
"198","A03060G","按年龄分第三孩次及以上出生人口数(人口抽样调查)","0"
"199","A03060H","按年龄分生育率(人口抽样调查)","0"
"200","A03060I","按年龄分第一孩次生育率(人口抽样调查)","0"
"201","A03060J","按年龄分第二孩次生育率(人口抽样调查)","0"
"202","A03060K","按年龄分第三孩次生育率(人口抽样调查)","0"
"203","A04","就业人员和工资","1"
"204","A0401","劳动力","0"
"205","A0402","按三次产业分就业人员数","0"
"206","A0403","按城乡分就业人员数","0"
"207","A0404","按经济类型分城镇就业人员","0"
"208","A0405","按经济类型分乡村就业人员","0"
"209","A0406","按行业分城镇单位就业人员","0"
"210","A0407","按行业分国有单位就业人员","0"
"211","A0408","按行业分城镇集体单位就业人员","0"
"212","A0409","按行业分其他单位就业人员","0"
"213","A040A","按行业分私营企业和个体就业人员","0"
"214","A040B","按行业分城镇私营企业和个体就业人员","0"
"215","A040C","私营企业就业人员","0"
"216","A040D","个体就业人员","0"
"217","A040E","城镇单位就业人员工资总额和指数","0"
"218","A040F","城镇单位就业人员平均工资和指数","0"
"219","A040G","按登记注册类型分城镇单位就业人员平均工资","0"
"220","A040H","按行业分城镇单位就业人员工资总额","0"
"221","A040I","按行业分城镇单位就业人员平均工资","0"
"222","A040J","按行业分国有单位就业人员平均工资","0"
"223","A040K","按行业分城镇集体单位就业人员平均工资","0"
"224","A040L","按行业分其他单位就业人员平均工资","0"
"225","A040M","按行业分城镇私营单位就业人员平均工资","0"
"226","A040N","城镇登记失业人员及失业率","0"
"227","A05","固定资产投资和房地产","1"
"228","A0501","全社会固定资产投资","0"
"229","A0502","全社会固定资产投资实际到位资金增长情况","0"
"230","A0503","民间固定资产（不含农户）投资额及增速","0"
"231","A0504","三次产业固定资产（不含农户）投资额及增速","0"
"232","A0505","按领域分固定资产投资(不含农户)增速（2018-）","0"
"233","A0506","固定资产投资(不含农户)实际到位资金增长情况","0"
"234","A0507","按构成和建设性质分固定资产投资(不含农户)增长情况","0"
"235","A050A","按控股情况分固定资产投资(不含农户)增长情况","0"
"236","A050B","按行业分固定资产投资(不含农户)增长情况（2018-）","0"
"237","A050C","按行业分建筑安装工程固定资产投资(不含农户)增长情况（2018-）","0"
"238","A050D","按行业分设备工器具购置固定资产投资(不含农户)增长情况（2018-）","0"
"239","A050E","按行业分其他费用固定资产投资(不含农户)增长情况（2018-）","0"
"240","A050F","按行业分新建固定资产投资(不含农户)增长情况（2018-）","0"
"241","A050G","按行业分扩建固定资产投资(不含农户)增长情况（2018-）","0"
"242","A050H","按行业分改建和技术改造固定资产投资(不含农户)增长情况（2018-）","0"
"243","A050I","按行业分中央固定资产投资(不含农户)增长情况（2018-）","0"
"244","A050J","按行业分地方固定资产投资(不含农户)增长情况（2018-）","0"
"245","A050K","按行业分内资固定资产投资(不含农户)增长情况（2018-）","0"
"246","A050L","按行业分港澳台商投资固定资产投资(不含农户)增长情况（2018-）","0"
"247","A050M","按行业分外商投资固定资产投资(不含农户)增长情况（2018-）","0"
"248","A050N","按行业分国有控股固定资产投资(不含农户)增长情况（2018-）","0"
"249","A050O","按行业分集体控股固定资产投资(不含农户)增长情况（2018-）","0"
"250","A050P","按行业分私人控股固定资产投资(不含农户)增长情况（2018-）","0"
"251","A050Q","按行业分固定资产投资(不含农户)实际到位资金增长情况（2018-）","0"
"252","A050R","按行业分固定资产投资(不含农户)国家预算资金增长情况（2018-）","0"
"253","A050S","按行业分固定资产投资(不含农户)国内贷款增长情况（2018-）","0"
"254","A050T","按行业分固定资产投资(不含农户)利用外资增长情况（2018-）","0"
"255","A050U","按行业分固定资产投资(不含农户)自筹资金增长情况（2018-）","0"
"256","A050V","按行业分固定资产投资(不含农户)其他资金增长情况（2018-）","0"
"257","A050W","农村农户固定资产投资比上年增长情况","0"
"258","A050X","房地产开发企业个数","0"
"259","A050Y","房地产开发企业从业人员数","0"
"260","A050Z","房地产开发企业土地开发及购置","0"
"261","A0510","房地产开发企业投资总规模及完成情况","0"
"262","A0511","按用途分房地产开发企业完成投资","0"
"263","A0512","房地产开发企业资金来源","0"
"264","A0513","房地产开发企业房屋建筑面积和造价","0"
"265","A0514","按用途分房地产开发企业新开工面积","0"
"266","A0515","按用途分商品房销售面积","0"
"267","A0516","按用途分商品房销售额","0"
"268","A0517","按用途分商品房平均销售价格","0"
"269","A0518","房地产开发企业资产负债","0"
"270","A0519","房地产开发企业经营情况","0"
"271","A051A","按项目规模分房地产开发完成投资","0"
"272","A051B","房地产开发企业成套住宅竣工与销售情况","0"
"273","A06","对外经济贸易","1"
"274","A0601","货物进出口总额","0"
"275","A0602","出口货物分类金额(按SITC分类)","0"
"276","A0603","进口货物分类金额(按SITC分类)","0"
"277","A0604","进出口货物分类金额","1"
"278","A060401","出口货物分类金额","0"
"279","A060402","进口货物分类金额","0"
"280","A0605","同各国(地区)海关货物进出口总额","1"
"281","A060501","进出口总额","1"
"282","A06050101","中国同亚洲各国(地区)进出口总额","0"
"283","A06050102","中国同非洲各国(地区)进出口总额","0"
"284","A06050103","中国同欧洲各国(地区)进出口总额","0"
"285","A06050104","中国同拉丁美洲各国(地区)进出口总额","0"
"286","A06050105","中国同北美洲各国(地区)进出口总额","0"
"287","A06050106","中国同大洋洲各国(地区)进出口总额","0"
"288","A06050107","中国同国别(地区)不详进出口总额","0"
"289","A060502","出口总额","1"
"290","A06050201","中国向亚洲各国(地区)出口总额","0"
"291","A06050202","中国向非洲各国(地区)出口总额","0"
"292","A06050203","中国向欧洲各国(地区)出口总额","0"
"293","A06050204","中国向拉丁美洲各国(地区)出口总额","0"
"294","A06050205","中国向北美洲各国(地区)出口总额","0"
"295","A06050206","中国向大洋洲各国(地区)出口总额","0"
"296","A06050207","中国向国别(地区)不详出口总额","0"
"297","A060503","进口总额","1"
"298","A06050301","中国从亚洲各国(地区)进口总额","0"
"299","A06050302","中国从非洲各国(地区)进口总额","0"
"300","A06050303","中国从欧洲各国(地区)进口总额","0"
"301","A06050304","中国从拉丁美洲各国(地区)进口总额","0"
"302","A06050305","中国从北美洲各国(地区)进口总额","0"
"303","A06050306","中国从大洋洲各国(地区)进口总额","0"
"304","A06050307","中国从国别(地区)不详进口总额","0"
"305","A0606","出口主要货物数量和金额","1"
"306","A060601","主要货物出口数量","0"
"307","A060602","主要货物出口金额","0"
"308","A0607","进口主要货物数量和金额","1"
"309","A060701","主要货物进口数量","0"
"310","A060702","主要货物进口金额","0"
"311","A0608","外商投资企业货物进出口总额","0"
"312","A0609","合同利用外资","0"
"313","A060A","实际利用外资","0"
"314","A060B","按国别(地区)分实际外商投资额","1"
"315","A060B01","实际利用外商直接投资","1"
"316","A060B0101","中国实际利用世界外商直接投资金额","0"
"317","A060B0102","中国实际利用亚洲各国(地区)外商直接投资金额","0"
"318","A060B0103","中国实际利用非洲各国(地区)外商直接投资金额","0"
"319","A060B0104","中国实际利用欧洲各国(地区)外商直接投资金额","0"
"320","A060B0105","中国实际利用拉丁美洲各国(地区)外商直接投资金额","0"
"321","A060B0106","中国实际利用北美洲各国(地区)外商直接投资金额","0"
"322","A060B0107","中国实际利用大洋洲各国(地区)外商直接投资金额","0"
"323","A060B02","实际利用外商其他投资","1"
"324","A060B0201","中国实际利用世界外商其他投资金额","0"
"325","A060B0202","中国实际利用亚洲各国(地区)外商其他投资金额","0"
"326","A060B0203","中国实际利用非洲各国(地区)外商其他投资金额","0"
"327","A060B0204","中国实际利用欧洲各国(地区)外商其他投资金额","0"
"328","A060B0205","中国实际利用拉丁美洲各国(地区)外商其他投资金额","0"
"329","A060B0206","中国实际利用北美洲各国(地区)外商其他投资金额","0"
"330","A060B0207","中国实际利用大洋洲各国(地区)外商其他投资金额","0"
"331","A060C","按方式分外商投资额","1"
"332","A060C01","项目","0"
"333","A060C02","实际使用金额","0"
"334","A060D","按行业分外商直接投资额","1"
"335","A060D01","合同项目","0"
"336","A060D02","实际使用金额","0"
"337","A060E","按行业分外商投资企业年底注册登记情况","1"
"338","A060E01","企业数","0"
"339","A060E02","投资总额","0"
"340","A060E03","注册资本","0"
"341","A060E04","外方注册资本","0"
"342","A060F","按主要国别(地区)分对外直接投资","1"
"343","A060F01","对外直接投资流量","0"
"344","A060F02","截至本年对外直接投资存量","0"
"345","A060G","按行业分对外直接投资","1"
"346","A060G01","对外直接投资流量","0"
"347","A060G02","截至本年对外直接投资存量","0"
"348","A060H","对外经济合作","0"
"349","A060I","按国别(地区)分对外经济合作","1"
"350","A060I01","对外承包工程完成营业额","1"
"351","A060I0101","中国对世界承包工程完成营业额","0"
"352","A060I0102","中国对亚洲各国(地区)承包工程完成营业额","0"
"353","A060I0103","中国对非洲各国(地区)承包工程完成营业额","0"
"354","A060I0104","中国对欧洲各国(地区)承包工程完成营业额","0"
"355","A060I0105","中国对拉丁美洲各国(地区)承包工程完成营业额","0"
"356","A060I0106","中国对北美洲各国(地区)承包工程完成营业额","0"
"357","A060I0107","中国对大洋洲各国(地区)承包工程完成营业额","0"
"358","A060I0108","中国对其他国家(地区)承包工程完成营业额","0"
"359","A060I02","对外承包工程派出人数","1"
"360","A060I0201","中国对世界承包工程派出人数","0"
"361","A060I0202","中国对亚洲各国(地区)承包工程派出人数","0"
"362","A060I0203","中国对非洲各国(地区)承包工程派出人数","0"
"363","A060I0204","中国对欧洲各国(地区)承包工程派出人数","0"
"364","A060I0205","中国对拉丁美洲各国(地区)承包工程派出人数","0"
"365","A060I0206","中国对北美洲各国(地区)承包工程派出人数","0"
"366","A060I0207","中国对大洋洲各国(地区)承包工程派出人数","0"
"367","A060I0208","中国对其他国家(地区)承包工程派出人数","0"
"368","A060I03","对外承包工程年末在外劳务人员","1"
"369","A060I0301","中国对世界承包工程年末在外劳务人员","0"
"370","A060I0302","中国对亚洲各国(地区)承包工程年末在外劳务人员","0"
"371","A060I0303","中国对非洲各国(地区)承包工程年末在外劳务人员","0"
"372","A060I0304","中国对欧洲各国(地区)承包工程年末在外劳务人员","0"
"373","A060I0305","中国对拉丁美洲各国(地区)承包工程年末在外劳务人员","0"
"374","A060I0306","中国对北美洲各国(地区)承包工程年末在外劳务人员","0"
"375","A060I0307","中国对大洋洲各国(地区)承包工程年末在外劳务人员","0"
"376","A060I0308","中国对其他国家(地区)承包工程年末在外劳务人员","0"
"377","A060I04","对外劳务合作派出人数","1"
"378","A060I0401","中国对世界劳务合作派出人数","0"
"379","A060I0402","中国对亚洲各国(地区)劳务合作派出人数","0"
"380","A060I0403","中国对非洲各国(地区)劳务合作派出人数","0"
"381","A060I0404","中国对欧洲各国(地区)劳务合作派出人数","0"
"382","A060I0405","中国对拉丁美洲各国(地区)劳务合作派出人数","0"
"383","A060I0406","中国对北美洲各国(地区)劳务合作派出人数","0"
"384","A060I0407","中国对大洋洲各国(地区)劳务合作派出人数","0"
"385","A060I0408","中国对其他国家(地区)劳务合作派出人数","0"
"386","A060I05","对外劳务合作年末在外人员","1"
"387","A060I0501","中国对世界劳务合作年末在外人员","0"
"388","A060I0502","中国对亚洲各国(地区)劳务合作年末在外人员","0"
"389","A060I0503","中国对非洲各国(地区)劳务合作年末在外人员","0"
"390","A060I0504","中国对欧洲各国(地区)劳务合作年末在外人员","0"
"391","A060I0505","中国对拉丁美洲各国(地区)劳务合作年末在外人员","0"
"392","A060I0506","中国对北美洲各国(地区)劳务合作年末在外人员","0"
"393","A060I0507","中国对大洋洲各国(地区)劳务合作年末在外人员","0"
"394","A060I0508","中国对其他国家(地区)劳务合作年末在外人员","0"
"395","A060J","人民币汇率(年平均价)","0"
"396","A07","能源","1"
"397","A0701","能源弹性系数","0"
"398","A0702","能源加工转换效率","0"
"399","A0703","平均每天能源消费量","0"
"400","A0704","生活能源消费量","0"
"401","A0705","人均能源生产量和消费量","0"
"402","A0706","人均生活能源消费量","0"
"403","A0707","主要能源品种进、出口量","0"
"404","A0708","主要高耗能产品的进、出口量","0"
"405","A0709","国有经济能源工业分行业固定资产投资","0"
"406","A070A","能源工业分行业投资","0"
"407","A070B","一次能源生产总量","0"
"408","A070C","城市能源产品供应","0"
"409","A070D","城市集中供热","0"
"410","A070E","能源消费总量","0"
"411","A070F","分行业能源消费总量","0"
"412","A070G","分行业煤炭消费总量","0"
"413","A070H","分行业焦炭消费总量","0"
"414","A070I","分行业原油消费总量","0"
"415","A070J","分行业汽油消费总量","0"
"416","A070K","分行业煤油消费总量","0"
"417","A070L","分行业柴油消费总量","0"
"418","A070M","分行业燃料油消费总量","0"
"419","A070N","分行业天然气消费总量","0"
"420","A070O","分行业电力消费总量","0"
"421","A070P","综合能源平衡表","0"
"422","A070Q","石油平衡表","0"
"423","A070R","煤炭平衡表","0"
"424","A070S","电力平衡表","0"
"425","A070T","焦炭平衡表","0"
"426","A070U","原油平衡表","0"
"427","A070V","燃料油平衡表","0"
"428","A070W","汽油平衡表","0"
"429","A070X","煤油平衡表","0"
"430","A070Y","柴油平衡表","0"
"431","A070Z","液化石油气平衡表","0"
"432","A0710","天然气平衡表","0"
"433","A08","财政","1"
"434","A0801","国家财政收支总额及增长速度","0"
"435","A0802","中央和地方财政收入及比重","0"
"436","A0803","中央和地方财政支出及比重","0"
"437","A0804","中央和地方财政主要收入项目","1"
"438","A080401","国家财政主要收入项目","0"
"439","A080402","中央财政主要收入项目","0"
"440","A080403","地方财政主要收入项目","0"
"441","A0805","中央和地方财政主要支出项目","1"
"442","A080501","国家财政主要支出项目","0"
"443","A080502","中央财政主要支出项目","0"
"444","A080503","地方财政主要支出项目","0"
"445","A0806","各项税收","0"
"446","A0807","中央财政债务余额情况","0"
"447","A0808","预算外资金分项目收入","0"
"448","A0809","预算外资金分项目支出","0"
"449","A080A","中央和地方预算外资金收支","0"
"450","A080B","外债情况","0"
"451","A09","价格指数","1"
"452","A0901","各种价格指数","0"
"453","A0902","各种价格定基指数","0"
"454","A0903","居民消费价格分类指数(上年=100)(-2015)","1"
"455","A090301","食品类居民消费价格指数(上年=100)","0"
"456","A090302","烟酒及用品类居民消费价格指数(上年=100)","0"
"457","A090303","衣着类居民消费价格指数(上年=100)","0"
"458","A090304","家庭设备用品及维修服务类居民消费价格指数(上年=100)","0"
"459","A090305","医疗保健和个人用品类居民消费价格指数(上年=100)","0"
"460","A090306","交通和通信类居民消费价格指数(上年=100)","0"
"461","A090307","娱乐教育文化用品及服务类居民消费价格指数(上年=100)","0"
"462","A090308","居住类居民消费价格指数(上年=100)","0"
"463","A0904","城市居民消费价格分类指数(上年=100)(-2015)","1"
"464","A090401","食品类城市居民消费价格指数(上年=100)","0"
"465","A090402","烟酒及用品类城市居民消费价格指数(上年=100)","0"
"466","A090403","衣着类城市居民消费价格指数(上年=100)","0"
"467","A090404","家庭设备用品及维修服务类城市居民消费价格指数(上年=100)","0"
"468","A090405","医疗保健和个人用品类城市居民消费价格指数(上年=100)","0"
"469","A090406","交通和通信类城市居民消费价格指数(上年=100)","0"
"470","A090407","娱乐教育文化用品及服务类城市居民消费价格指数(上年=100)","0"
"471","A090408","居住类城市居民消费价格指数(上年=100)","0"
"472","A0905","农村居民消费价格分类指数(上年=100)(-2015)","1"
"473","A090501","食品类农村居民消费价格指数(上年=100)","0"
"474","A090502","烟酒及饮料类农村居民消费价格指数(上年=100)","0"
"475","A090503","衣着类农村居民消费价格指数(上年=100)","0"
"476","A090504","家庭设备用品及维修服务类农村居民消费价格指数(上年=100)","0"
"477","A090505","医疗保健和个人用品类农村居民消费价格指数(上年=100)","0"
"478","A090506","交通和通信类农村居民消费价格指数(上年=100)","0"
"479","A090507","娱乐教育文化用品及服务类农村居民消费价格指数(上年=100)","0"
"480","A090508","居住类农村居民消费价格指数(上年=100)","0"
"481","A0906","商品零售价格分类指数(上年=100)","0"
"482","A0907","城市商品零售价格分类指数(上年=100)","0"
"483","A0908","农村商品零售价格指数(上年=100)","0"
"484","A0909","农业生产资料价格分类指数(上年=100)","0"
"485","A090A","农产品生产价格指数(上年=100)","0"
"486","A090B","按工业行业分工业生产者出厂价格指数(上年=100)(-2011)","0"
"487","A090C","按工业行业分工业生产者出厂价格指数(上年=100)(2012-)","0"
"488","A090D","工业生产者出厂价格分类指数(上年=100)","0"
"489","A090E","工业生产者购进价格指数(上年=100)","0"
"490","A090F","固定资产投资价格指数(上年=100)","0"
"491","A090G","居民消费价格分类指数(上年=100)(2016-)","1"
"492","A090G01","食品烟酒类居民消费价格指数(上年=100)","0"
"493","A090G02","衣着类居民消费价格指数(上年=100)","0"
"494","A090G03","居住类居民消费价格指数(上年=100)","0"
"495","A090G04","生活用品及服务类居民消费价格指数(上年=100)","0"
"496","A090G05","交通和通信类居民消费价格指数(上年=100)","0"
"497","A090G06","教育文化和娱乐类居民消费价格指数(上年=100)","0"
"498","A090G07","医疗保健类居民消费价格指数(上年=100)","0"
"499","A090G08","其他用品和服务类居民消费价格指数(上年=100)","0"
"500","A090H","城市居民消费价格分类指数(上年=100)(2016-)","1"
"501","A090H01","食品烟酒类城市居民消费价格指数(上年=100)","0"
"502","A090H02","衣着类城市居民消费价格指数(上年=100)","0"
"503","A090H03","居住类城市居民消费价格指数(上年=100)","0"
"504","A090H04","生活用品及服务类城市居民消费价格指数(上年=100)","0"
"505","A090H05","交通和通信类城市居民消费价格指数(上年=100)","0"
"506","A090H06","教育文化和娱乐类城市居民消费价格指数(上年=100)","0"
"507","A090H07","医疗保健类城市居民消费价格指数(上年=100)","0"
"508","A090H08","其他用品和服务类城市居民消费价格指数(上年=100)","0"
"509","A090I","农村居民消费价格分类指数(上年=100)(2016-)","1"
"510","A090I01","食品烟酒类农村居民消费价格指数(上年=100)","0"
"511","A090I02","衣着类农村居民消费价格指数(上年=100)","0"
"512","A090I03","居住类农村居民消费价格指数(上年=100)","0"
"513","A090I04","生活用品及服务类农村居民消费价格指数(上年=100)","0"
"514","A090I05","交通和通信类农村居民消费价格指数(上年=100)","0"
"515","A090I06","教育文化和娱乐类农村居民消费价格指数(上年=100)","0"
"516","A090I07","医疗保健类农村居民消费价格指数(上年=100)","0"
"517","A090I08","其他用品和服务类农村居民消费价格指数(上年=100)","0"
"518","A0A","人民生活","1"
"519","A0A01","全国居民人均收入情况","0"
"520","A0A02","城镇居民人均收入情况","0"
"521","A0A03","农村居民人均收入情况","0"
"522","A0A04","全国居民人均支出情况","0"
"523","A0A05","城镇居民人均支出情况","0"
"524","A0A06","农村居民人均支出情况","0"
"525","A0A07","全国居民按收入五等份分组的收入情况","0"
"526","A0A08","城镇居民按收入五等份分组的收入情况","0"
"527","A0A09","农村居民按收入五等份分组的收入情况","0"
"528","A0A0A","全国居民主要食品消费量","0"
"529","A0A0B","城镇居民主要食品消费量","0"
"530","A0A0C","农村居民主要食品消费量","0"
"531","A0A0D","全国居民平均每百户年末主要耐用消费品拥有量","0"
"532","A0A0E","城镇居民平均每百户年末主要耐用消费品拥有量","0"
"533","A0A0F","农村居民平均每百户年末主要耐用消费品拥有量","0"
"534","A0A0G","居民人均可支配收入基尼系数","0"
"535","A0A0H","居民恩格尔系数","0"
"536","A0A0I","农民工规模及收入主要数据","0"
"537","A0B","城市概况","1"
"538","A0B01","全部地级及以上城市数","0"
"539","A0B02","城市建设","0"
"540","A0B03","城市供水","0"
"541","A0B04","城市燃气","0"
"542","A0B05","城市集中供热","0"
"543","A0B06","城市市政设施","0"
"544","A0B07","城市公共交通","0"
"545","A0B08","城市绿地和园林","0"
"546","A0B09","城市市容环境卫生","0"
"547","A0B0A","城市设施水平","0"
"548","A0C","资源和环境","1"
"549","A0C01","主要矿产基础储量","0"
"550","A0C02","水资源","0"
"551","A0C03","供水用水情况","0"
"552","A0C04","废水中主要污染物排放","0"
"553","A0C05","废气中主要污染物排放","0"
"554","A0C06","城市生活垃圾清运和处理情况","0"
"555","A0C07","森林资源","0"
"556","A0C08","造林面积","0"
"557","A0C09","林业重点工程造林面积","0"
"558","A0C0A","草原建设利用","0"
"559","A0C0B","自然保护基本情况","0"
"560","A0C0C","自然灾害","0"
"561","A0C0D","地质灾害及防治","0"
"562","A0C0E","森林火灾","0"
"563","A0C0F","森林病虫鼠害防治","0"
"564","A0C0G","地震灾害","0"
"565","A0C0H","环境污染治理投资","0"
"566","A0C0I","工业污染治理投资","0"
"567","A0C0J","主要矿产查明资源储量","0"
"568","A0D","农业","1"
"569","A0D01","农村基层组织情况","0"
"570","A0D02","乡村户数和乡村人口","0"
"571","A0D03","乡村从业人员","0"
"572","A0D04","农、林、牧、渔业总产值及指数","0"
"573","A0D05","主要农业机械年末拥有量","0"
"574","A0D06","有效灌溉面积、农用化肥施用量、农村水电站及用电量","0"
"575","A0D07","农村水电建设和发电量","0"
"576","A0D08","灌溉、水库和除涝、治水情况","0"
"577","A0D09","农村居民家庭生产性固定资产原值","0"
"578","A0D0A","农村居民家庭平均每百户拥有主要生产性固定资产数量","0"
"579","A0D0B","农村居民家庭土地经营情况","0"
"580","A0D0C","农用柴油和农药使用量","0"
"581","A0D0D","农用塑料薄膜使用量","0"
"582","A0D0E","主要农作物播种面积","0"
"583","A0D0F","主要农作物产品产量","0"
"584","A0D0G","主要农作物单位面积产量","0"
"585","A0D0H","果园面积","0"
"586","A0D0I","瓜果类面积","0"
"587","A0D0J","茶园面积","0"
"588","A0D0K","茶叶、水果产量","0"
"589","A0D0L","瓜果类单位面积产量","0"
"590","A0D0M","主要林产品产量","0"
"591","A0D0N","牲畜饲养","0"
"592","A0D0O","牲畜出栏量","0"
"593","A0D0P","畜产品产量","0"
"594","A0D0Q","水产品产量","0"
"595","A0D0R","按人口平均的主要农产品产量","0"
"596","A0D0S","平均每一农业劳动力生产的主要农产品","0"
"597","A0D0T","农村居民家庭平均每人出售主要农产品","0"
"598","A0D0U","农村居民家庭平均每人出售主要畜产品及水产品","0"
"599","A0D0V","受灾和成灾面积","0"
"600","A0D0W","国有农场","0"
"601","A0E","工业","1"
"602","A0E01","按登记注册类型分规模以上工业企业经济指标","1"
"603","A0E0101","企业单位数","0"
"604","A0E0102","亏损企业单位数","0"
"605","A0E0103","实收资本","0"
"606","A0E0104","国家资本金","0"
"607","A0E0105","集体资本金","0"
"608","A0E0106","法人资本金","0"
"609","A0E0107","个人资本金","0"
"610","A0E0108","港澳台资本金","0"
"611","A0E0109","外商资本金","0"
"612","A0E010A","流动资产合计","0"
"613","A0E010B","应收账款净额","0"
"614","A0E010C","存货","0"
"615","A0E010D","产成品","0"
"616","A0E010E","固定资产合计","0"
"617","A0E010F","固定资产原价合计","0"
"618","A0E010G","累计折旧","0"
"619","A0E010H","资产总计","0"
"620","A0E010I","流动负债合计","0"
"621","A0E010J","应付账款","0"
"622","A0E010K","负债合计","0"
"623","A0E010L","所有者权益合计","0"
"624","A0E010M","主营业务收入","0"
"625","A0E010N","主营业务成本","0"
"626","A0E010O","销售费用","0"
"627","A0E010P","主营业务税金及附加","0"
"628","A0E010Q","管理费用","0"
"629","A0E010R","财务费用","0"
"630","A0E010S","利息支出","0"
"631","A0E010T","营业利润","0"
"632","A0E010U","利润总额","0"
"633","A0E010V","亏损企业亏损总额","0"
"634","A0E010W","应交所得税","0"
"635","A0E010X","本年应交增值税","0"
"636","A0E010Y","工业销售产值(现价)","0"
"637","A0E010Z","出口交货值","0"
"638","A0E02","按行业分规模以上工业企业主要经济指标(2000-2002)","1"
"639","A0E0201","企业单位数","0"
"640","A0E0202","亏损企业单位数","0"
"641","A0E0203","实收资本","0"
"642","A0E0204","国家资本金","0"
"643","A0E0205","集体资本金","0"
"644","A0E0206","法人资本金","0"
"645","A0E0207","个人资本金","0"
"646","A0E0208","港澳台资本金","0"
"647","A0E0209","外商资本金","0"
"648","A0E020A","流动资产合计","0"
"649","A0E020B","应收账款净额","0"
"650","A0E020C","存货","0"
"651","A0E020D","产成品","0"
"652","A0E020E","固定资产合计","0"
"653","A0E020F","固定资产原价合计","0"
"654","A0E020G","累计折旧","0"
"655","A0E020H","资产总计","0"
"656","A0E020I","流动负债合计","0"
"657","A0E020J","应付账款","0"
"658","A0E020K","负债合计","0"
"659","A0E020L","所有者权益合计","0"
"660","A0E020M","主营业务收入","0"
"661","A0E020N","主营业务成本","0"
"662","A0E020O","销售费用","0"
"663","A0E020P","主营业务税金及附加","0"
"664","A0E020Q","管理费用","0"
"665","A0E020R","财务费用","0"
"666","A0E020S","利息支出","0"
"667","A0E020T","营业利润","0"
"668","A0E020U","利润总额","0"
"669","A0E020V","亏损企业亏损总额","0"
"670","A0E020W","应交所得税","0"
"671","A0E020X","本年应交增值税","0"
"672","A0E020Y","工业销售产值(现价)","0"
"673","A0E020Z","出口交货值","0"
"674","A0E03","按行业分规模以上工业企业主要经济指标(2003-2011)","1"
"675","A0E0301","企业单位数","0"
"676","A0E0302","亏损企业单位数","0"
"677","A0E0303","实收资本","0"
"678","A0E0304","国家资本金","0"
"679","A0E0305","集体资本金","0"
"680","A0E0306","法人资本金","0"
"681","A0E0307","个人资本金","0"
"682","A0E0308","港澳台资本金","0"
"683","A0E0309","外商资本金","0"
"684","A0E030A","流动资产合计","0"
"685","A0E030B","应收账款净额","0"
"686","A0E030C","存货","0"
"687","A0E030D","产成品","0"
"688","A0E030E","固定资产合计","0"
"689","A0E030F","固定资产原价合计","0"
"690","A0E030G","累计折旧","0"
"691","A0E030H","资产总计","0"
"692","A0E030I","流动负债合计","0"
"693","A0E030J","应付账款","0"
"694","A0E030K","负债合计","0"
"695","A0E030L","所有者权益合计","0"
"696","A0E030M","主营业务收入","0"
"697","A0E030N","主营业务成本","0"
"698","A0E030O","销售费用","0"
"699","A0E030P","主营业务税金及附加","0"
"700","A0E030Q","管理费用","0"
"701","A0E030R","财务费用","0"
"702","A0E030S","利息支出","0"
"703","A0E030T","营业利润","0"
"704","A0E030U","利润总额","0"
"705","A0E030V","亏损企业亏损总额","0"
"706","A0E030W","应交所得税","0"
"707","A0E030X","本年应交增值税","0"
"708","A0E030Y","工业销售产值(现价)","0"
"709","A0E030Z","出口交货值","0"
"710","A0E04","按行业分规模以上工业企业主要经济指标(2012-至今)","1"
"711","A0E0401","企业单位数","0"
"712","A0E0402","亏损企业单位数","0"
"713","A0E0403","实收资本","0"
"714","A0E0404","国家资本金","0"
"715","A0E0405","集体资本金","0"
"716","A0E0406","法人资本金","0"
"717","A0E0407","个人资本金","0"
"718","A0E0408","港澳台资本金","0"
"719","A0E0409","外商资本金","0"
"720","A0E040A","流动资产合计","0"
"721","A0E040B","应收账款净额","0"
"722","A0E040C","存货","0"
"723","A0E040D","产成品","0"
"724","A0E040E","固定资产合计","0"
"725","A0E040F","固定资产原价合计","0"
"726","A0E040G","累计折旧","0"
"727","A0E040H","资产总计","0"
"728","A0E040I","流动负债合计","0"
"729","A0E040J","应付账款","0"
"730","A0E040K","负债合计","0"
"731","A0E040L","所有者权益合计","0"
"732","A0E040M","主营业务收入","0"
"733","A0E040N","主营业务成本","0"
"734","A0E040O","销售费用","0"
"735","A0E040P","主营业务费用及附加","0"
"736","A0E040Q","管理费用","0"
"737","A0E040R","财务费用","0"
"738","A0E040S","利息支出","0"
"739","A0E040T","营业利润","0"
"740","A0E040U","利润总额","0"
"741","A0E040V","亏损总额","0"
"742","A0E040W","应交所得税","0"
"743","A0E040X","本年应交增值税","0"
"744","A0E040Y","工业销售产值(现价)","0"
"745","A0E040Z","出口交货值","0"
"746","A0E05","按行业分国有控股工业企业主要经济指标(2000-2002)","1"
"747","A0E0501","企业单位数","0"
"748","A0E0502","亏损企业单位数","0"
"749","A0E0503","实收资本","0"
"750","A0E0504","国家资本金","0"
"751","A0E0505","集体资本金","0"
"752","A0E0506","法人资本金","0"
"753","A0E0507","个人资本金","0"
"754","A0E0508","港澳台资本金","0"
"755","A0E0509","外商资本金","0"
"756","A0E050A","流动资产合计","0"
"757","A0E050B","应收账款净额","0"
"758","A0E050C","存货","0"
"759","A0E050D","产成品","0"
"760","A0E050E","固定资产合计","0"
"761","A0E050F","固定资产原价合计","0"
"762","A0E050G","累计折旧","0"
"763","A0E050H","资产总计","0"
"764","A0E050I","流动负债合计","0"
"765","A0E050J","应付账款","0"
"766","A0E050K","负债合计","0"
"767","A0E050L","所有者权益合计","0"
"768","A0E050M","主营业务收入","0"
"769","A0E050N","主营业务成本","0"
"770","A0E050O","销售费用","0"
"771","A0E050P","主营业务税金及附加","0"
"772","A0E050Q","管理费用","0"
"773","A0E050R","财务费用","0"
"774","A0E050S","利息支出","0"
"775","A0E050T","营业利润","0"
"776","A0E050U","利润总额","0"
"777","A0E050V","亏损企业亏损总额","0"
"778","A0E050W","应交所得税","0"
"779","A0E050X","本年应交增值税","0"
"780","A0E050Y","工业销售产值(现价)","0"
"781","A0E050Z","出口交货值","0"
"782","A0E06","按行业分国有控股工业企业主要经济指标(2003-2011)","1"
"783","A0E0601","企业单位数","0"
"784","A0E0602","亏损企业单位数","0"
"785","A0E0603","实收资本","0"
"786","A0E0604","国家资本金","0"
"787","A0E0605","集体资本金","0"
"788","A0E0606","法人资本金","0"
"789","A0E0607","个人资本金","0"
"790","A0E0608","港澳台资本金","0"
"791","A0E0609","外商资本金","0"
"792","A0E060A","流动资产合计","0"
"793","A0E060B","应收账款净额","0"
"794","A0E060C","存货","0"
"795","A0E060D","产成品","0"
"796","A0E060E","固定资产合计","0"
"797","A0E060F","固定资产原价合计","0"
"798","A0E060G","累计折旧","0"
"799","A0E060H","资产总计","0"
"800","A0E060I","流动负债合计","0"
"801","A0E060J","应付账款","0"
"802","A0E060K","负债合计","0"
"803","A0E060L","所有者权益合计","0"
"804","A0E060M","主营业务收入","0"
"805","A0E060N","主营业务成本","0"
"806","A0E060O","销售费用","0"
"807","A0E060P","主营业务税金及附加","0"
"808","A0E060Q","管理费用","0"
"809","A0E060R","财务费用","0"
"810","A0E060S","利息支出","0"
"811","A0E060T","营业利润","0"
"812","A0E060U","利润总额","0"
"813","A0E060V","亏损企业亏损总额","0"
"814","A0E060W","应交所得税","0"
"815","A0E060X","本年应交增值税","0"
"816","A0E060Y","工业销售产值(现价)","0"
"817","A0E060Z","出口交货值","0"
"818","A0E07","按行业分国有控股工业企业主要经济指标(2012-至今)","1"
"819","A0E0701","企业单位数","0"
"820","A0E0702","亏损企业单位数","0"
"821","A0E0703","实收资本","0"
"822","A0E0704","国家资本金","0"
"823","A0E0705","集体资本金","0"
"824","A0E0706","法人资本金","0"
"825","A0E0707","个人资本金","0"
"826","A0E0708","港澳台资本金","0"
"827","A0E0709","外商资本金","0"
"828","A0E070A","流动资产合计","0"
"829","A0E070B","应收账款净额","0"
"830","A0E070C","存货","0"
"831","A0E070D","产成品","0"
"832","A0E070E","固定资产合计","0"
"833","A0E070F","固定资产原价合计","0"
"834","A0E070G","累计折旧","0"
"835","A0E070H","资产总计","0"
"836","A0E070I","流动负债合计","0"
"837","A0E070J","应付账款","0"
"838","A0E070K","负债合计","0"
"839","A0E070L","所有者权益合计","0"
"840","A0E070M","主营业务收入","0"
"841","A0E070N","主营业务成本","0"
"842","A0E070O","销售费用","0"
"843","A0E070P","主营业务费用及附加","0"
"844","A0E070Q","管理费用","0"
"845","A0E070R","财务费用","0"
"846","A0E070S","利息支出","0"
"847","A0E070T","营业利润","0"
"848","A0E070U","利润总额","0"
"849","A0E070V","亏损总额","0"
"850","A0E070W","应交所得税","0"
"851","A0E070X","本年应交增值税","0"
"852","A0E070Y","工业销售产值(现价)","0"
"853","A0E070Z","出口交货值","0"
"854","A0E08","按行业分私营工业企业主要经济指标(2000-2002)","1"
"855","A0E0801","企业单位数","0"
"856","A0E0802","亏损企业单位数","0"
"857","A0E0803","实收资本","0"
"858","A0E0804","国家资本金","0"
"859","A0E0805","集体资本金","0"
"860","A0E0806","法人资本金","0"
"861","A0E0807","个人资本金","0"
"862","A0E0808","港澳台资本金","0"
"863","A0E0809","外商资本金","0"
"864","A0E080A","流动资产合计","0"
"865","A0E080B","应收账款净额","0"
"866","A0E080C","存货","0"
"867","A0E080D","产成品","0"
"868","A0E080E","固定资产合计","0"
"869","A0E080F","固定资产原价合计","0"
"870","A0E080G","累计折旧","0"
"871","A0E080H","资产总计","0"
"872","A0E080I","流动负债合计","0"
"873","A0E080J","应付账款","0"
"874","A0E080K","负债合计","0"
"875","A0E080L","所有者权益合计","0"
"876","A0E080M","主营业务收入","0"
"877","A0E080N","主营业务成本","0"
"878","A0E080O","销售费用","0"
"879","A0E080P","主营业务税金及附加","0"
"880","A0E080Q","管理费用","0"
"881","A0E080R","财务费用","0"
"882","A0E080S","利息支出","0"
"883","A0E080T","营业利润","0"
"884","A0E080U","利润总额","0"
"885","A0E080V","亏损企业亏损总额","0"
"886","A0E080W","应交所得税","0"
"887","A0E080X","本年应交增值税","0"
"888","A0E080Y","工业销售产值(现价)","0"
"889","A0E080Z","出口交货值","0"
"890","A0E09","按行业分私营工业企业主要经济指标(2003-2011)","1"
"891","A0E0901","企业单位数","0"
"892","A0E0902","亏损企业单位数","0"
"893","A0E0903","实收资本","0"
"894","A0E0904","国家资本金","0"
"895","A0E0905","集体资本金","0"
"896","A0E0906","法人资本金","0"
"897","A0E0907","个人资本金","0"
"898","A0E0908","港澳台资本金","0"
"899","A0E0909","外商资本金","0"
"900","A0E090A","流动资产合计","0"
"901","A0E090B","应收账款净额","0"
"902","A0E090C","存货","0"
"903","A0E090D","产成品","0"
"904","A0E090E","固定资产合计","0"
"905","A0E090F","固定资产原价合计","0"
"906","A0E090G","累计折旧","0"
"907","A0E090H","资产总计","0"
"908","A0E090I","流动负债合计","0"
"909","A0E090J","应付账款","0"
"910","A0E090K","负债合计","0"
"911","A0E090L","所有者权益合计","0"
"912","A0E090M","主营业务收入","0"
"913","A0E090N","主营业务成本","0"
"914","A0E090O","销售费用","0"
"915","A0E090P","主营业务税金及附加","0"
"916","A0E090Q","管理费用","0"
"917","A0E090R","财务费用","0"
"918","A0E090S","利息支出","0"
"919","A0E090T","营业利润","0"
"920","A0E090U","利润总额","0"
"921","A0E090V","亏损企业亏损总额","0"
"922","A0E090W","应交所得税","0"
"923","A0E090X","本年应交增值税","0"
"924","A0E090Y","工业销售产值(现价)","0"
"925","A0E090Z","出口交货值","0"
"926","A0E0A","按行业分私营工业企业主要经济指标(2012-至今)","1"
"927","A0E0A01","企业单位数","0"
"928","A0E0A02","亏损企业单位数","0"
"929","A0E0A03","实收资本","0"
"930","A0E0A04","国家资本金","0"
"931","A0E0A05","集体资本金","0"
"932","A0E0A06","法人资本金","0"
"933","A0E0A07","个人资本金","0"
"934","A0E0A08","港澳台资本金","0"
"935","A0E0A09","外商资本金","0"
"936","A0E0A0A","流动资产合计","0"
"937","A0E0A0B","应收账款净额","0"
"938","A0E0A0C","存货","0"
"939","A0E0A0D","产成品","0"
"940","A0E0A0E","固定资产合计","0"
"941","A0E0A0F","固定资产原价合计","0"
"942","A0E0A0G","累计折旧","0"
"943","A0E0A0H","资产总计","0"
"944","A0E0A0I","流动负债合计","0"
"945","A0E0A0J","应付账款","0"
"946","A0E0A0K","负债合计","0"
"947","A0E0A0L","所有者权益合计","0"
"948","A0E0A0M","主营业务收入","0"
"949","A0E0A0N","主营业务成本","0"
"950","A0E0A0O","销售费用","0"
"951","A0E0A0P","主营业务费用及附加","0"
"952","A0E0A0Q","管理费用","0"
"953","A0E0A0R","财务费用","0"
"954","A0E0A0S","利息支出","0"
"955","A0E0A0T","营业利润","0"
"956","A0E0A0U","利润总额","0"
"957","A0E0A0V","亏损总额","0"
"958","A0E0A0W","应交所得税","0"
"959","A0E0A0X","本年应交增值税","0"
"960","A0E0A0Y","工业销售产值(现价)","0"
"961","A0E0A0Z","出口交货值","0"
"962","A0E0B","按行业分外商及港澳台商投资工业企业主要经济指标(2000-2002)","1"
"963","A0E0B01","企业单位数","0"
"964","A0E0B02","亏损企业单位数","0"
"965","A0E0B03","实收资本","0"
"966","A0E0B04","国家资本金","0"
"967","A0E0B05","集体资本金","0"
"968","A0E0B06","法人资本金","0"
"969","A0E0B07","个人资本金","0"
"970","A0E0B08","港澳台资本金","0"
"971","A0E0B09","外商资本金","0"
"972","A0E0B0A","流动资产合计","0"
"973","A0E0B0B","应收账款净额","0"
"974","A0E0B0C","存货","0"
"975","A0E0B0D","产成品","0"
"976","A0E0B0E","固定资产合计","0"
"977","A0E0B0F","固定资产原价合计","0"
"978","A0E0B0G","累计折旧","0"
"979","A0E0B0H","资产总计","0"
"980","A0E0B0I","流动负债合计","0"
"981","A0E0B0J","应付账款","0"
"982","A0E0B0K","负债合计","0"
"983","A0E0B0L","所有者权益合计","0"
"984","A0E0B0M","主营业务收入","0"
"985","A0E0B0N","主营业务成本","0"
"986","A0E0B0O","销售费用","0"
"987","A0E0B0P","主营业务税金及附加","0"
"988","A0E0B0Q","管理费用","0"
"989","A0E0B0R","财务费用","0"
"990","A0E0B0S","利息支出","0"
"991","A0E0B0T","营业利润","0"
"992","A0E0B0U","利润总额","0"
"993","A0E0B0V","亏损企业亏损总额","0"
"994","A0E0B0W","应交所得税","0"
"995","A0E0B0X","本年应交增值税","0"
"996","A0E0B0Y","工业销售产值(现价)","0"
"997","A0E0B0Z","出口交货值","0"
"998","A0E0C","按行业分外商及港澳台商投资工业企业主要经济指标(2003-2011)","1"
"999","A0E0C01","企业单位数","0"
"1000","A0E0C02","亏损企业单位数","0"
"1001","A0E0C03","实收资本","0"
"1002","A0E0C04","国家资本金","0"
"1003","A0E0C05","集体资本金","0"
"1004","A0E0C06","法人资本金","0"
"1005","A0E0C07","个人资本金","0"
"1006","A0E0C08","港澳台资本金","0"
"1007","A0E0C09","外商资本金","0"
"1008","A0E0C0A","流动资产合计","0"
"1009","A0E0C0B","应收账款净额","0"
"1010","A0E0C0C","存货","0"
"1011","A0E0C0D","产成品","0"
"1012","A0E0C0E","固定资产合计","0"
"1013","A0E0C0F","固定资产原价合计","0"
"1014","A0E0C0G","累计折旧","0"
"1015","A0E0C0H","资产总计","0"
"1016","A0E0C0I","流动负债合计","0"
"1017","A0E0C0J","应付账款","0"
"1018","A0E0C0K","负债合计","0"
"1019","A0E0C0L","所有者权益合计","0"
"1020","A0E0C0M","主营业务收入","0"
"1021","A0E0C0N","主营业务成本","0"
"1022","A0E0C0O","销售费用","0"
"1023","A0E0C0P","主营业务税金及附加","0"
"1024","A0E0C0Q","管理费用","0"
"1025","A0E0C0R","财务费用","0"
"1026","A0E0C0S","利息支出","0"
"1027","A0E0C0T","营业利润","0"
"1028","A0E0C0U","利润总额","0"
"1029","A0E0C0V","亏损企业亏损总额","0"
"1030","A0E0C0W","应交所得税","0"
"1031","A0E0C0X","本年应交增值税","0"
"1032","A0E0C0Y","工业销售产值(现价)","0"
"1033","A0E0C0Z","出口交货值","0"
"1034","A0E0D","按行业分外商及港澳台商投资工业企业主要经济指标(2012-至今)","1"
"1035","A0E0D01","企业单位数","0"
"1036","A0E0D02","亏损企业单位数","0"
"1037","A0E0D03","实收资本","0"
"1038","A0E0D04","国家资本金","0"
"1039","A0E0D05","集体资本金","0"
"1040","A0E0D06","法人资本金","0"
"1041","A0E0D07","个人资本金","0"
"1042","A0E0D08","港澳台资本金","0"
"1043","A0E0D09","外商资本金","0"
"1044","A0E0D0A","流动资产合计","0"
"1045","A0E0D0B","应收账款净额","0"
"1046","A0E0D0C","存货","0"
"1047","A0E0D0D","产成品","0"
"1048","A0E0D0E","固定资产合计","0"
"1049","A0E0D0F","固定资产原价合计","0"
"1050","A0E0D0G","累计折旧","0"
"1051","A0E0D0H","资产总计","0"
"1052","A0E0D0I","流动负债合计","0"
"1053","A0E0D0J","应付账款","0"
"1054","A0E0D0K","负债合计","0"
"1055","A0E0D0L","所有者权益合计","0"
"1056","A0E0D0M","主营业务收入","0"
"1057","A0E0D0N","主营业务成本","0"
"1058","A0E0D0O","销售费用","0"
"1059","A0E0D0P","主营业务费用及附加","0"
"1060","A0E0D0Q","管理费用","0"
"1061","A0E0D0R","财务费用","0"
"1062","A0E0D0S","利息支出","0"
"1063","A0E0D0T","营业利润","0"
"1064","A0E0D0U","利润总额","0"
"1065","A0E0D0V","亏损总额","0"
"1066","A0E0D0W","应交所得税","0"
"1067","A0E0D0X","本年应交增值税","0"
"1068","A0E0D0Y","工业销售产值(现价)","0"
"1069","A0E0D0Z","出口交货值","0"
"1070","A0E0E","按行业分大中型工业企业主要经济指标(2000-2002)","1"
"1071","A0E0E01","企业单位数","0"
"1072","A0E0E02","亏损企业单位数","0"
"1073","A0E0E03","实收资本","0"
"1074","A0E0E04","国家资本金","0"
"1075","A0E0E05","集体资本金","0"
"1076","A0E0E06","法人资本金","0"
"1077","A0E0E07","个人资本金","0"
"1078","A0E0E08","港澳台资本金","0"
"1079","A0E0E09","外商资本金","0"
"1080","A0E0E0A","流动资产合计","0"
"1081","A0E0E0B","应收账款净额","0"
"1082","A0E0E0C","存货","0"
"1083","A0E0E0D","产成品","0"
"1084","A0E0E0E","固定资产合计","0"
"1085","A0E0E0F","固定资产原价合计","0"
"1086","A0E0E0G","累计折旧","0"
"1087","A0E0E0H","资产总计","0"
"1088","A0E0E0I","流动负债合计","0"
"1089","A0E0E0J","应付账款","0"
"1090","A0E0E0K","负债合计","0"
"1091","A0E0E0L","所有者权益合计","0"
"1092","A0E0E0M","主营业务收入","0"
"1093","A0E0E0N","主营业务成本","0"
"1094","A0E0E0O","销售费用","0"
"1095","A0E0E0P","主营业务税金及附加","0"
"1096","A0E0E0Q","管理费用","0"
"1097","A0E0E0R","财务费用","0"
"1098","A0E0E0S","利息支出","0"
"1099","A0E0E0T","营业利润","0"
"1100","A0E0E0U","利润总额","0"
"1101","A0E0E0V","亏损企业亏损总额","0"
"1102","A0E0E0W","应交所得税","0"
"1103","A0E0E0X","本年应交增值税","0"
"1104","A0E0E0Y","工业销售产值(现价)","0"
"1105","A0E0E0Z","出口交货值","0"
"1106","A0E0F","按行业分大中型工业企业主要经济指标(2003-2011)","1"
"1107","A0E0F01","企业单位数","0"
"1108","A0E0F02","亏损企业单位数","0"
"1109","A0E0F03","实收资本","0"
"1110","A0E0F04","国家资本金","0"
"1111","A0E0F05","集体资本金","0"
"1112","A0E0F06","法人资本金","0"
"1113","A0E0F07","个人资本金","0"
"1114","A0E0F08","港澳台资本金","0"
"1115","A0E0F09","外商资本金","0"
"1116","A0E0F0A","流动资产合计","0"
"1117","A0E0F0B","应收账款净额","0"
"1118","A0E0F0C","存货","0"
"1119","A0E0F0D","产成品","0"
"1120","A0E0F0E","固定资产合计","0"
"1121","A0E0F0F","固定资产原价合计","0"
"1122","A0E0F0G","累计折旧","0"
"1123","A0E0F0H","资产总计","0"
"1124","A0E0F0I","流动负债合计","0"
"1125","A0E0F0J","应付账款","0"
"1126","A0E0F0K","负债合计","0"
"1127","A0E0F0L","所有者权益合计","0"
"1128","A0E0F0M","主营业务收入","0"
"1129","A0E0F0N","主营业务成本","0"
"1130","A0E0F0O","销售费用","0"
"1131","A0E0F0P","主营业务税金及附加","0"
"1132","A0E0F0Q","管理费用","0"
"1133","A0E0F0R","财务费用","0"
"1134","A0E0F0S","利息支出","0"
"1135","A0E0F0T","营业利润","0"
"1136","A0E0F0U","利润总额","0"
"1137","A0E0F0V","亏损企业亏损总额","0"
"1138","A0E0F0W","应交所得税","0"
"1139","A0E0F0X","本年应交增值税","0"
"1140","A0E0F0Y","工业销售产值(现价)","0"
"1141","A0E0F0Z","出口交货值","0"
"1142","A0E0G","按行业分大中型工业企业主要经济指标(2012-至今)","1"
"1143","A0E0G01","企业单位数","0"
"1144","A0E0G02","亏损企业单位数","0"
"1145","A0E0G03","实收资本","0"
"1146","A0E0G04","国家资本金","0"
"1147","A0E0G05","集体资本金","0"
"1148","A0E0G06","法人资本金","0"
"1149","A0E0G07","个人资本金","0"
"1150","A0E0G08","港澳台资本金","0"
"1151","A0E0G09","外商资本金","0"
"1152","A0E0G0A","流动资产合计","0"
"1153","A0E0G0B","应收账款净额","0"
"1154","A0E0G0C","存货","0"
"1155","A0E0G0D","产成品","0"
"1156","A0E0G0E","固定资产合计","0"
"1157","A0E0G0F","固定资产原价合计","0"
"1158","A0E0G0G","累计折旧","0"
"1159","A0E0G0H","资产总计","0"
"1160","A0E0G0I","流动负债合计","0"
"1161","A0E0G0J","应付账款","0"
"1162","A0E0G0K","负债合计","0"
"1163","A0E0G0L","所有者权益合计","0"
"1164","A0E0G0M","主营业务收入","0"
"1165","A0E0G0N","主营业务成本","0"
"1166","A0E0G0O","销售费用","0"
"1167","A0E0G0P","主营业务费用及附加","0"
"1168","A0E0G0Q","管理费用","0"
"1169","A0E0G0R","财务费用","0"
"1170","A0E0G0S","利息支出","0"
"1171","A0E0G0T","营业利润","0"
"1172","A0E0G0U","利润总额","0"
"1173","A0E0G0V","亏损总额","0"
"1174","A0E0G0W","应交所得税","0"
"1175","A0E0G0X","本年应交增值税","0"
"1176","A0E0G0Y","工业销售产值(现价)","0"
"1177","A0E0G0Z","出口交货值","0"
"1178","A0E0H","工业产品产量","0"
"1179","A0F","建筑业","1"
"1180","A0F01","建筑业企业概况","0"
"1181","A0F02","按登记注册类型分建筑业企业主要经济指标","1"
"1182","A0F0201","建筑业企业主要经济指标","0"
"1183","A0F0202","内资建筑业企业主要经济指标","0"
"1184","A0F0203","国有建筑业企业主要经济指标","0"
"1185","A0F0204","集体建筑业企业主要经济指标","0"
"1186","A0F0205","港澳台商投资建筑业企业主要经济指标","0"
"1187","A0F0206","港澳台商独资建筑业企业主要经济指标","0"
"1188","A0F0207","外商投资建筑业企业主要经济指标","0"
"1189","A0F0208","外商独资建筑业企业主要经济指标","0"
"1190","A0F03","总承包建筑业企业主要经济指标","0"
"1191","A0F04","专业承包建筑业企业主要经济指标","0"
"1192","A0F05","建筑业企业技术装备情况","0"
"1193","A0F06","国有建筑业企业技术装备情况","0"
"1194","A0F07","建筑业总产值","0"
"1195","A0F08","按行业分建筑业总产值","0"
"1196","A0F09","建筑业企业签订合同和承包工程完成情况","0"
"1197","A0F0A","按登记注册类型分建筑业企业实收资本","0"
"1198","A0F0B","建筑业企业资产","0"
"1199","A0F0C","按登记注册类型分建筑业企业资产","0"
"1200","A0F0D","建筑业企业负债及所有者权益","0"
"1201","A0F0E","按登记注册类型分建筑业企业所有者权益","0"
"1202","A0F0F","按登记注册类型分建筑业企业负债","0"
"1203","A0F0G","建筑业企业总收入","0"
"1204","A0F0H","按登记注册类型分建筑业企业总收入","0"
"1205","A0F0I","建筑业企业利税总额","0"
"1206","A0F0J","按登记注册类型分建筑业企业税金总额","0"
"1207","A0F0K","按登记注册类型分建筑业企业利润总额","0"
"1208","A0F0L","按资质等级分总承包建筑业企业利润总额","0"
"1209","A0F0M","按资质等级分专业承包建筑业企业利润总额","0"
"1210","A0F0N","按登记注册类型分建筑业企业工程结算利润","0"
"1211","A0F0O","建筑业劳动生产率","0"
"1212","A0F0P","建筑业房屋建筑面积","0"
"1213","A0F0Q","劳务分包建筑业企业主要指标","0"
"1214","A0F0R","勘察设计机构","0"
"1215","A0F0S","工程招标代理机构","0"
"1216","A0F0T","建设工程监理企业和人员数","1"
"1217","A0F0T01","企业单位数","0"
"1218","A0F0T02","从业人员","0"
"1219","A0F0T03","注册执业人员","0"
"1220","A0F0U","建设工程监理营业收入","1"
"1221","A0F0U01","营业收入","0"
"1222","A0F0U02","工程监理收入","0"
"1223","A0F0U03","工程招标代理收入","0"
"1224","A0F0U04","工程造价咨询收入","0"
"1225","A0F0U05","工程项目管理与咨询服务收入","0"
"1226","A0F0U06","建设工程监理其他收入","0"
"1227","A0G","运输和邮电","1"
"1228","A0G01","交通运输、邮电通信业就业人员数","0"
"1229","A0G02","运输线路长度","0"
"1230","A0G03","运输线路质量","0"
"1231","A0G04","客运量","0"
"1232","A0G05","旅客周转量","0"
"1233","A0G06","货运量","0"
"1234","A0G07","货物周转量","0"
"1235","A0G08","旅客运输平均运距","0"
"1236","A0G09","货物运输平均运距","0"
"1237","A0G0A","国家营业铁路基本情况","0"
"1238","A0G0B","铁路机车拥有量(-2014)","0"
"1239","A0G0C","国家铁路客、货车拥有量","0"
"1240","A0G0D","按货类分国家铁路货物运输量","1"
"1241","A0G0D01","货运量","0"
"1242","A0G0D02","货物周转量","0"
"1243","A0G0D03","平均运距","0"
"1244","A0G0E","铁路主要干线客货运输量(-2014)","1"
"1245","A0G0E01","客运量","0"
"1246","A0G0E02","旅客周转量","0"
"1247","A0G0E03","货运量","0"
"1248","A0G0E04","货物周转量","0"
"1249","A0G0F","国家铁路主要车站旅客发送量(-2014)","0"
"1250","A0G0G","国家铁路主要车站货物发送量(-2014)","0"
"1251","A0G0H","国家铁路运输主要技术经济指标(-2014)","0"
"1252","A0G0I","民用汽车拥有量","0"
"1253","A0G0J","私人汽车拥有量","0"
"1254","A0G0K","新注册民用汽车数量","0"
"1255","A0G0L","公路营运汽车拥有量","0"
"1256","A0G0M","民用运输船舶拥有量","0"
"1257","A0G0N","沿海规模以上港口分货类吞吐量","1"
"1258","A0G0N01","货物吞吐量","0"
"1259","A0G0N02","出港量","0"
"1260","A0G0N03","进港量","0"
"1261","A0G0O","沿海主要规模以上港口货物吞吐量","0"
"1262","A0G0P","沿海主要规模以上港口码头泊位数","1"
"1263","A0G0P01","码头长度","0"
"1264","A0G0P02","泊位","0"
"1265","A0G0P03","万吨级泊位","0"
"1266","A0G0Q","内河主要规模以上港口码头泊位数","1"
"1267","A0G0Q01","码头长度","0"
"1268","A0G0Q02","泊位","0"
"1269","A0G0Q03","万吨级泊位","0"
"1270","A0G0R","民用航空航线及飞机架数","0"
"1271","A0G0S","民用航空运输量及通用航空飞行时间","0"
"1272","A0G0T","邮电业务量","0"
"1273","A0G0U","快递业务量","0"
"1274","A0G0V","邮政业网点及邮递线路","0"
"1275","A0G0W","电信主要通信能力","0"
"1276","A0G0X","电信通信服务水平","0"
"1277","A0G0Y","邮政通信服务水平","0"
"1278","A0G0Z","互联网主要指标发展情况","0"
"1279","A0G10","企业信息化及电子商务情况","1"
"1280","A0G1001","按行业分企业数","0"
"1281","A0G1002","按行业分期末使用计算机数","0"
"1282","A0G1003","按行业分每百人使用计算机数","0"
"1283","A0G1004","按行业分企业拥有网站数","0"
"1284","A0G1005","按行业分每百家企业拥有网站数","0"
"1285","A0G1006","按行业分有电子商务交易活动的企业数","0"
"1286","A0G1007","按行业分有电子商务交易活动的企业数比重","0"
"1287","A0G1008","按行业分企业电子商务销售额","0"
"1288","A0G1009","按行业分企业电子商务采购额","0"
"1289","A0G12","电子商务交易平台情况","0"
"1290","A0G11","软件和信息技术服务业主要经济指标","0"
"1291","A0H","社会消费品零售总额","0"
"1292","A0I","批发和零售业","1"
"1293","A0I01","批发和零售业情况","0"
"1294","A0I02","限额以上批发业企业基本情况和商品购销存情况","1"
"1295","A0I0201","按登记注册类型分限额以上批发业法人企业数","0"
"1296","A0I0202","按国民经济行业分限额以上批发业法人企业数","0"
"1297","A0I0203","按登记注册类型分限额以上批发业年末从业人数","0"
"1298","A0I0204","按国民经济行业分限额以上批发业年末从业人数","0"
"1299","A0I0205","按登记注册类型分限额以上批发业企业商品购进额","0"
"1300","A0I0206","按国民经济行业分限额以上批发业企业商品购进额","0"
"1301","A0I0207","按登记注册类型分限额以上批发业企业商品进口额","0"
"1302","A0I0208","按国民经济行业分限额以上批发业企业商品进口额","0"
"1303","A0I0209","按登记注册类型分限额以上批发业企业商品销售额","0"
"1304","A0I020A","按国民经济行业分限额以上批发业企业商品销售额","0"
"1305","A0I020B","按登记注册类型分限额以上批发业企业商品出口额","0"
"1306","A0I020C","按国民经济行业分限额以上批发业企业商品出口额","0"
"1307","A0I020D","按登记注册类型分限额以上批发业企业期末商品库存额","0"
"1308","A0I020E","按国民经济行业分限额以上批发业企业期末商品库存额","0"
"1309","A0I03","限额以上批发业企业资产及负债","1"
"1310","A0I0301","按登记注册类型分限额以上批发业企业资产总计","0"
"1311","A0I0302","按国民经济行业分限额以上批发业企业资产总计","0"
"1312","A0I0303","按登记注册类型分限额以上批发业企业流动资产","0"
"1313","A0I0304","按国民经济行业分限额以上批发业企业流动资产","0"
"1314","A0I0305","按登记注册类型分限额以上批发业企业固定资产","0"
"1315","A0I0306","按国民经济行业分限额以上批发业企业固定资产","0"
"1316","A0I0307","按登记注册类型分限额以上批发业企业负债","0"
"1317","A0I0308","按国民经济行业分限额以上批发业企业负债","0"
"1318","A0I0309","按登记注册类型分限额以上批发业企业所有者权益","0"
"1319","A0I030A","按国民经济行业分限额以上批发业企业所有者权益","0"
"1320","A0I04","限额以上批发业企业主要财务指标","1"
"1321","A0I0401","按登记注册类型分限额以上批发业企业营业收入","0"
"1322","A0I0402","按国民经济行业分限额以上批发业企业营业收入","0"
"1323","A0I0403","按登记注册类型分限额以上批发业企业营业成本","0"
"1324","A0I0404","按国民经济行业分限额以上批发业企业营业成本","0"
"1325","A0I0405","按登记注册类型分限额以上批发业企业税金及附加","0"
"1326","A0I0406","按国民经济行业分限额以上批发业企业税金及附加","0"
"1327","A0I0407","按登记注册类型分限额以上批发业企业利润总额","0"
"1328","A0I0408","按国民经济行业分限额以上批发业企业利润总额","0"
"1329","A0I05","限额以上零售业企业基本情况和商品购销存情况","1"
"1330","A0I0501","按登记注册类型分限额以上零售业法人企业数","0"
"1331","A0I0502","按国民经济行业分限额以上零售业法人企业数","0"
"1332","A0I0503","按登记注册类型分限额以上零售业年末从业人数","0"
"1333","A0I0504","按国民经济行业分限额以上零售业年末从业人数","0"
"1334","A0I0505","按登记注册类型分限额以上零售业企业商品购进额","0"
"1335","A0I0506","按国民经济行业分限额以上零售业企业商品购进额","0"
"1336","A0I0507","按登记注册类型分限额以上零售业企业商品进口额","0"
"1337","A0I0508","按国民经济行业分限额以上零售业企业商品进口额","0"
"1338","A0I0509","按登记注册类型分限额以上零售业企业商品销售额","0"
"1339","A0I050A","按国民经济行业分限额以上零售业企业商品销售额","0"
"1340","A0I050B","按登记注册类型分限额以上零售业企业商品出口额","0"
"1341","A0I050C","按国民经济行业分限额以上零售业企业商品出口额","0"
"1342","A0I050D","按登记注册类型分限额以上零售业企业期末商品库存额","0"
"1343","A0I050E","按国民经济行业分限额以上零售业企业期末商品库存额","0"
"1344","A0I06","限额以上零售业企业资产及负债","1"
"1345","A0I0601","按登记注册类型分限额以上零售业企业资产","0"
"1346","A0I0602","按国民经济行业分限额以上零售业企业资产","0"
"1347","A0I0603","按登记注册类型分限额以上零售业企业流动资产","0"
"1348","A0I0604","按国民经济行业分限额以上零售业企业流动资产","0"
"1349","A0I0605","按登记注册类型分限额以上零售业企业固定资产","0"
"1350","A0I0606","按国民经济行业分限额以上零售业企业固定资产","0"
"1351","A0I0607","按登记注册类型分限额以上零售业企业负债","0"
"1352","A0I0608","按国民经济行业分限额以上零售业企业负债","0"
"1353","A0I0609","按登记注册类型分限额以上零售业企业所有者权益","0"
"1354","A0I060A","按国民经济行业分限额以上零售业企业所有者权益","0"
"1355","A0I07","限额以上零售业企业主要财务指标","1"
"1356","A0I0701","按登记注册类型分限额以上零售业企业营业收入","0"
"1357","A0I0702","按国民经济行业分限额以上零售业企业营业收入","0"
"1358","A0I0703","按登记注册类型分限额以上零售业企业营业成本","0"
"1359","A0I0704","按国民经济行业分限额以上零售业企业营业成本","0"
"1360","A0I0705","按登记注册类型分限额以上零售业企业税金及附加","0"
"1361","A0I0706","按国民经济行业分限额以上零售业企业税金及附加","0"
"1362","A0I0707","按登记注册类型分限额以上零售业企业利润总额","0"
"1363","A0I0708","按国民经济行业分限额以上零售业企业利润总额","0"
"1364","A0I08","连锁零售企业","1"
"1365","A0I0801","按登记注册类型分连锁零售企业门店总数","0"
"1366","A0I0802","按行业分连锁零售企业门店总数","0"
"1367","A0I0803","按业态分连锁零售企业门店总数","0"
"1368","A0I0804","按登记注册类型分连锁零售企业年末从业人数","0"
"1369","A0I0805","按行业分连锁零售企业年末从业人数","0"
"1370","A0I0806","按业态分连锁零售企业年末从业人数","0"
"1371","A0I0807","按登记注册类型分连锁零售企业零售营业面积","0"
"1372","A0I0808","按行业分连锁零售企业零售营业面积","0"
"1373","A0I0809","按业态分连锁零售企业零售营业面积","0"
"1374","A0I080A","按登记注册类型分连锁零售企业商品销售额","0"
"1375","A0I080B","按行业分连锁零售企业商品销售额","0"
"1376","A0I080C","按业态分连锁零售企业商品销售额","0"
"1377","A0I09","亿元以上商品交易市场基本情况","1"
"1378","A0I0901","市场数量","0"
"1379","A0I0902","摊位数","0"
"1380","A0I0903","营业面积","0"
"1381","A0I0904","成交额","0"
"1382","A0I0905","批发市场成交额","0"
"1383","A0I0906","零售市场成交额","0"
"1384","A0I0A","亿元以上商品交易市场摊位分类情况","1"
"1385","A0I0A01","摊位数","0"
"1386","A0I0A02","成交额","0"
"1387","A0I0A03","批发市场成交额","0"
"1388","A0I0A04","零售市场成交额","0"
"1389","A0J","住宿和餐饮业","1"
"1390","A0J01","住宿和餐饮业情况","0"
"1391","A0J02","限额以上住宿业企业基本情况和经营情况","1"
"1392","A0J0201","按登记注册类型和行业分限额以上住宿业法人企业数","0"
"1393","A0J0202","按登记注册类型和行业分限额以上住宿业企业年末从业人数","0"
"1394","A0J0203","按登记注册类型和行业分限额以上住宿业企业营业额","0"
"1395","A0J0204","按登记注册类型和行业分限额以上住宿业企业客房收入","0"
"1396","A0J0205","按登记注册类型和行业分限额以上住宿业企业餐饮收入","0"
"1397","A0J03","限额以上住宿业企业资产及负债","1"
"1398","A0J0301","按登记注册类型和行业分限额以上住宿业企业资产","0"
"1399","A0J0302","按登记注册类型和行业分限额以上住宿业企业流动资产","0"
"1400","A0J0303","按登记注册类型和行业分限额以上住宿业企业固定资产","0"
"1401","A0J0304","按登记注册类型和行业分限额以上住宿业企业负债","0"
"1402","A0J0305","按登记注册类型和行业分限额以上住宿业企业所有者权益","0"
"1403","A0J04","限额以上住宿业企业主要财务指标","1"
"1404","A0J0401","按登记注册类型和行业分限额以上住宿业企业营业收入","0"
"1405","A0J0402","按登记注册类型和行业分限额以上住宿业企业营业成本","0"
"1406","A0J0403","按登记注册类型和行业分限额以上住宿业企业税金及附加","0"
"1407","A0J0404","按登记注册类型和行业分限额以上住宿业企业利润总额","0"
"1408","A0J05","限额以上餐饮业企业基本情况和经营情况","1"
"1409","A0J0501","按登记注册类型和行业分限额以上餐饮业法人企业数","0"
"1410","A0J0502","按登记注册类型和行业分限额以上餐饮业企业年末从业人数","0"
"1411","A0J0503","按登记注册类型和行业分限额以上餐饮业企业营业额","0"
"1412","A0J0504","按登记注册类型和行业分限额以上餐饮业企业餐费收入","0"
"1413","A0J06","限额以上餐饮业企业资产及负债","1"
"1414","A0J0601","按登记注册类型和行业分限额以上餐饮业企业资产","0"
"1415","A0J0602","按登记注册类型和行业分限额以上餐饮业企业流动资产","0"
"1416","A0J0603","按登记注册类型和行业分限额以上餐饮业企业固定资产","0"
"1417","A0J0604","按登记注册类型和行业分限额以上餐饮业企业负债","0"
"1418","A0J0605","按登记注册类型和行业分限额以上餐饮业企业所有者权益","0"
"1419","A0J07","限额以上餐饮业企业主要财务指标","1"
"1420","A0J0701","按登记注册类型和行业分限额以上餐饮业企业营业收入","0"
"1421","A0J0702","按登记注册类型和行业分限额以上餐饮业企业营业成本","0"
"1422","A0J0703","按登记注册类型和行业分限额以上餐饮业企业税金及附加","0"
"1423","A0J0704","按登记注册类型和行业分限额以上餐饮业企业利润总额","0"
"1424","A0J08","连锁餐饮企业","1"
"1425","A0J0801","按登记注册类型和行业分连锁餐饮企业总店数","0"
"1426","A0J0802","按登记注册类型和行业分连锁餐饮企业门店总数","0"
"1427","A0J0803","按登记注册类型和行业分连锁餐饮企业年末从业人数","0"
"1428","A0J0804","按登记注册类型和行业分连锁餐饮企业餐饮营业面积","0"
"1429","A0J0805","按登记注册类型和行业分连锁餐饮企业餐位数","0"
"1430","A0J0806","按登记注册类型和行业分连锁餐饮企业营业额","0"
"1431","A0J0807","按登记注册类型和行业分连锁餐饮企业商品购进总额","0"
"1432","A0J0808","按登记注册类型和行业分连锁餐饮企业统一配送商品购进额","0"
"1433","A0K","旅游业","1"
"1434","A0K01","旅游业发展情况","0"
"1435","A0K02","国内旅游情况","0"
"1436","A0K03","国际旅游收入及构成","0"
"1437","A0K04","按性别、年龄和事由分外国入境游客","0"
"1438","A0K05","按国别分外国入境游客","0"
"1439","A0L","金融业","1"
"1440","A0L01","金融机构人民币信贷资金平衡表(资金来源)","0"
"1441","A0L02","金融机构人民币信贷资金平衡表(资金运用)","0"
"1442","A0L03","货币供应量","0"
"1443","A0L04","黄金和外汇储备","0"
"1444","A0L05","货币当局资产负债表","0"
"1445","A0L06","其他存款性公司资产负债表","0"
"1446","A0L07","外资银行资产负债表","0"
"1447","A0L08","社会融资规模及构成","0"
"1448","A0L09","证券市场基本情况","0"
"1449","A0L0A","上市公司数量","0"
"1450","A0L0B","股票发行量和筹资额","0"
"1451","A0L0C","股票交易情况","0"
"1452","A0L0D","保险系统机构、人员数","1"
"1453","A0L0D01","保险系统机构数","0"
"1454","A0L0D02","保险系统职工人数","0"
"1455","A0L0E","保险公司业务经济技术指标","1"
"1456","A0L0E01","保费","0"
"1457","A0L0E02","赔款及给付","0"
"1458","A0L0F","保险公司资产情况","0"
"1459","A0L0G","保险公司资金运用情况","0"
"1460","A0L0H","原保险保费收入和赔付支出情况","0"
"1461","A0M","教育","1"
"1462","A0M01","各级各类学校、教职工和专任教师情况","1"
"1463","A0M0101","各级各类学校数","0"
"1464","A0M0102","各级各类学校教职工数","0"
"1465","A0M0103","各级各类学校专任教师数","0"
"1466","A0M02","各级各类学历教育学生情况","1"
"1467","A0M0201","各级各类学历教育招生数","0"
"1468","A0M0202","各级各类学历教育在校学生数","0"
"1469","A0M0203","各级各类学历教育毕业生数","0"
"1470","A0M03","各级各类非学历教育学生情况","1"
"1471","A0M0301","各级各类非学历教育结业生数","0"
"1472","A0M0302","各级各类非学历教育注册生数","0"
"1473","A0M04","各级各类民办教育基本情况","1"
"1474","A0M0401","各级各类民办教育学校数","0"
"1475","A0M0402","各级各类民办教育毕业生数","0"
"1476","A0M0403","各级各类民办教育招生数","0"
"1477","A0M0404","各级各类民办教育在校学生数","0"
"1478","A0M0405","各级各类民办教育教职工数","0"
"1479","A0M0406","各级各类民办教育专任教师数","0"
"1480","A0M0407","各级各类民办教育另有其他学生数","0"
"1481","A0M05","各级各类学校数","0"
"1482","A0M06","各级各类学校专任教师数","0"
"1483","A0M07","各级各类学校招生数","0"
"1484","A0M08","各级各类学校在校学生数","0"
"1485","A0M09","各级各类学校毕业生数","0"
"1486","A0M0A","研究生和留学生数","0"
"1487","A0M0B","分学科研究生情况","1"
"1488","A0M0B01","分学科研究生招生数","0"
"1489","A0M0B02","分学科博士招生数","0"
"1490","A0M0B03","分学科硕士招生数","0"
"1491","A0M0B04","分学科研究生在校学生数","0"
"1492","A0M0B05","分学科博士在校学生数","0"
"1493","A0M0B06","分学科硕士在校学生数","0"
"1494","A0M0C","高等教育学校(机构)数","0"
"1495","A0M0D","高等教育学校(机构)学生数","0"
"1496","A0M0E","成人本科分学科学生数","1"
"1497","A0M0E01","成人本科分学科招生数","0"
"1498","A0M0E02","成人本科分学科在校学生数","0"
"1499","A0M0E03","成人本科分学科毕业生数","0"
"1500","A0M0F","成人专科分学科学生数","1"
"1501","A0M0F01","成人专科分学科招生数","0"
"1502","A0M0F02","成人专科分学科在校学生数","0"
"1503","A0M0F03","成人专科分学科毕业生数","0"
"1504","A0M0G","普通本科分学科学生数","1"
"1505","A0M0G01","普通本科分学科招生数","0"
"1506","A0M0G02","普通本科分学科在校学生数","0"
"1507","A0M0G03","普通本科分学科毕业生数","0"
"1508","A0M0H","普通专科分学科学生数","1"
"1509","A0M0H01","普通专科分学科招生数","0"
"1510","A0M0H02","普通专科分学科在校学生数","0"
"1511","A0M0H03","普通专科分学科毕业生数","0"
"1512","A0M0I","网络本科分学科学生数","1"
"1513","A0M0I01","网络本科分学科招生数","0"
"1514","A0M0I02","网络本科分学科在校学生数","0"
"1515","A0M0I03","网络本科分学科毕业生数","0"
"1516","A0M0J","网络专科分学科学生数","1"
"1517","A0M0J01","网络专科分学科招生数","0"
"1518","A0M0J02","网络专科分学科在校学生数","0"
"1519","A0M0J03","网络专科分学科毕业生数","0"
"1520","A0M0K","中等职业学校(机构)数","0"
"1521","A0M0L","中等职业学校(机构)学生分科类情况","1"
"1522","A0M0L01","中等职业学校(机构)学生分科类招生数","0"
"1523","A0M0L02","中等职业学校(机构)学生分科类在校学生数","0"
"1524","A0M0L03","中等职业学校(机构)学生分科类毕业生数","0"
"1525","A0M0L04","中等职业学校(机构)学生分科类获得职业资格证书毕业生数","0"
"1526","A0M0M","职业技术培训机构基本情况","1"
"1527","A0M0M01","职业技术培训机构学校数","0"
"1528","A0M0M02","职业技术培训机构注册学生数","0"
"1529","A0M0M03","职业技术培训机构结业学生数","0"
"1530","A0M0M04","职业技术培训机构教职工数","0"
"1531","A0M0M05","职业技术培训机构专任教师数","0"
"1532","A0M0N","普通高中学校和学生情况","1"
"1533","A0M0N01","普通高中学校数","0"
"1534","A0M0N02","普通高中招生数","0"
"1535","A0M0N03","普通高中在校学生数","0"
"1536","A0M0N04","普通高中毕业生数","0"
"1537","A0M0O","初中学校和学生情况","1"
"1538","A0M0O01","普通初中学校数","0"
"1539","A0M0O02","职业初中学校数","0"
"1540","A0M0O03","初中招生数","0"
"1541","A0M0O04","初中在校学生数","0"
"1542","A0M0O05","初中毕业生数","0"
"1543","A0M0P","普通小学学校和学生情况","1"
"1544","A0M0P01","普通小学学校数","0"
"1545","A0M0P02","普通小学招生数","0"
"1546","A0M0P03","普通小学在校学生数","0"
"1547","A0M0P04","普通小学毕业生数","0"
"1548","A0M0Q","技工学校数、学生数和教职工数","0"
"1549","A0M0R","学龄儿童入学率和各级普通学校毕业生升学率","0"
"1550","A0M0S","高等学校普通本、专科学校和学生情况","0"
"1551","A0M0T","普通高等学校(机构)教职工情况","0"
"1552","A0M0U","中等职业学校(机构)学生情况","0"
"1553","A0M0V","中等职业学校(机构)教职工数","0"
"1554","A0M0W","各级普通学校生师比","0"
"1555","A0M0X","每十万人口各级学校平均在校生数","0"
"1556","A0M0Y","教育经费","1"
"1557","A0M0Y01","教育经费","0"
"1558","A0M0Y02","国家财政性教育经费","0"
"1559","A0M0Y03","国家财政预算内教育经费","0"
"1560","A0M0Y04","民办学校办学经费","0"
"1561","A0M0Y05","社会捐赠经费","0"
"1562","A0M0Y06","事业收入","0"
"1563","A0M0Y07","学杂费","0"
"1564","A0M0Y08","其他教育经费","0"
"1565","A0N","科技","1"
"1566","A0N01","科技活动基本情况","0"
"1567","A0N02","科学研究与开发机构基本情况","0"
"1568","A0N03","高等学校科技活动情况","0"
"1569","A0N04","规模以上工业企业的科技活动基本情况","0"
"1570","A0N05","按登记注册类型和行业分规模以上工业企业研究与试验发展(研究与试验发展)活动情况","1"
"1571","A0N0501","按登记注册类型分规模以上工业企业研究与试验发展全时当量","0"
"1572","A0N0502","按登记注册类型分规模以上工业企业研究与试验发展经费","0"
"1573","A0N0503","按登记注册类型分规模以上工业企业研究与试验发展项目数","0"
"1574","A0N0504","按行业分规模以上工业企业研究与试验发展全时当量","0"
"1575","A0N0505","按行业分规模以上工业企业研究与试验发展经费","0"
"1576","A0N0506","按行业分规模以上工业企业研究与试验发展项目数","0"
"1577","A0N06","规模以上工业企业新产品开发及生产情况","1"
"1578","A0N0601","按登记注册类型分规模以上工业企业新产品项目数","0"
"1579","A0N0602","按登记注册类型分规模以上工业企业开发新产品经费","0"
"1580","A0N0603","按登记注册类型分规模以上工业企业新产品产值","0"
"1581","A0N0604","按登记注册类型分规模以上工业企业新产品销售收入","0"
"1582","A0N0605","按登记注册类型分规模以上工业企业新产品出口销售收入","0"
"1583","A0N0606","按行业分规模以上工业企业新产品项目数","0"
"1584","A0N0607","按行业分规模以上工业企业开发新产品经费","0"
"1585","A0N0608","按行业分规模以上工业企业新产品产值","0"
"1586","A0N0609","按行业分规模以上工业企业新产品销售收入","0"
"1587","A0N060A","按行业分规模以上工业企业新产品出口销售收入","0"
"1588","A0N07","规模以上工业企业专利情况","1"
"1589","A0N0701","按登记注册类型分规模以上工业企业专利申请数","0"
"1590","A0N0702","按登记注册类型分规模以上工业企业发明专利申请数","0"
"1591","A0N0703","按登记注册类型分规模以上工业企业有效发明专利数","0"
"1592","A0N0704","按行业分规模以上工业企业专利申请数","0"
"1593","A0N0705","按行业分规模以上工业企业发明专利申请数","0"
"1594","A0N0706","按行业分规模以上工业企业有效发明专利数","0"
"1595","A0N08","大中型工业企业科技活动基本情况","0"
"1596","A0N09","按登记注册类型和行业分大中型工业企业研究与试验发展(研究与试验发展)活动情况","1"
"1597","A0N0901","按登记注册类型分大中型工业企业研究与试验发展人员全时当量","0"
"1598","A0N0902","按登记注册类型分大中型工业企业研究与试验发展经费支出","0"
"1599","A0N0903","按登记注册类型分大中型工业企业研究与试验发展项目数","0"
"1600","A0N0904","按行业分大中型工业企业研究与试验发展人员全时当量","0"
"1601","A0N0905","按行业分大中型工业企业研究与试验发展经费支出","0"
"1602","A0N0906","按行业分大中型工业企业研究与试验发展项目数","0"
"1603","A0N0A","按登记注册类型和行业分大中型工业企业新产品开发及生产情况","1"
"1604","A0N0A01","按登记注册类型分大中型工业企业新产品项目数","0"
"1605","A0N0A02","按登记注册类型分大中型工业企业开发新产品经费","0"
"1606","A0N0A03","按登记注册类型分大中型工业企业新产品产值","0"
"1607","A0N0A04","按登记注册类型分大中型工业企业新产品销售收入","0"
"1608","A0N0A05","按登记注册类型分大中型工业企业新产品出口销售收入","0"
"1609","A0N0A06","按行业分大中型工业企业新产品项目数","0"
"1610","A0N0A07","按行业分大中型工业企业新产品经费","0"
"1611","A0N0A08","按行业分大中型工业企业新产品产值","0"
"1612","A0N0A09","按行业分大中型工业企业新产品销售收入","0"
"1613","A0N0A0A","按行业分大中型工业企业新产品出口销售收入","0"
"1614","A0N0B","按登记注册类型和行业分大中型工业企业专利情况","1"
"1615","A0N0B01","按登记注册类型分大中型工业企业专利申请数","0"
"1616","A0N0B02","按登记注册类型分大中型工业企业发明专利申请数","0"
"1617","A0N0B03","按登记注册类型分大中型工业企业有效发明专利数","0"
"1618","A0N0B04","按行业分大中型工业企业专利申请数","0"
"1619","A0N0B05","按行业分大中型工业企业发明专利申请数","0"
"1620","A0N0B06","按行业分大中型工业企业有效发明专利数","0"
"1621","A0N0C","按活动类型分全国研究与试验发展经费支出","0"
"1622","A0N0D","按支出用途分全国研究与试验发展经费支出","0"
"1623","A0N0E","按经费来源分全国研究与试验发展经费支出","0"
"1624","A0N0F","研究与试验发展人员情况","1"
"1625","A0N0F01","研究与试验发展人员","0"
"1626","A0N0F02","研究与试验发展女性人员","0"
"1627","A0N0F03","研究与试验发展全时人员","0"
"1628","A0N0F04","博士毕业研究与试验发展人员","0"
"1629","A0N0F05","硕士毕业研究与试验发展人员","0"
"1630","A0N0F06","本科毕业研究与试验发展人员","0"
"1631","A0N0G","按行业分研究与试验发展人员全时当量","0"
"1632","A0N0H","研究与试验发展项目(课题)情况","0"
"1633","A0N0I","限额以上研究与试验发展项目(课题)情况","1"
"1634","A0N0I01","限额以上研究与试验发展项目(课题)数","0"
"1635","A0N0I02","限额以上研究与试验发展项目(课题)人员全时当量","0"
"1636","A0N0I03","限额以上研究与试验发展项目(课题)研究人员全时当量","0"
"1637","A0N0I04","限额以上研究与试验发展项目(课题)经费支出","0"
"1638","A0N0I05","限额以上研究与试验发展项目(课题)政府资金支出","0"
"1639","A0N0J","全国研究开发机构情况","0"
"1640","A0N0K","规模以上制造业企业产品和工艺创新情况","1"
"1641","A0N0K01","有产品或工艺创新活动的规模以上制造业企业数","1"
"1642","A0N0K0101","按行业分有产品或工艺创新活动的规模以上制造业企业数","0"
"1643","A0N0K0102","按登记注册类型分有产品或工艺创新活动的规模以上制造业企业数","0"
"1644","A0N0K02","有产品或工艺创新活动的规模以上制造业企业占全部规模以上制造业企业的比重","1"
"1645","A0N0K0201","按行业分有产品或工艺创新活动的规模以上制造业企业占全部规模以上制造业企业的比重","0"
"1646","A0N0K0202","按登记注册类型分有产品或工艺创新活动的规模以上制造业企业占全部规模以上制造业企业的比重","0"
"1647","A0N0K03","实现产品创新的规模以上制造业企业占全部规模以上制造业企业的比重","1"
"1648","A0N0K0301","按行业分实现产品创新的规模以上制造业企业占全部规模以上制造业企业的比重","0"
"1649","A0N0K0302","按登记注册类型分实现产品创新的规模以上制造业企业占全部规模以上制造业企业的比重","0"
"1650","A0N0K04","实现工艺创新的规模以上制造业企业占全部规模以上制造业企业的比重","1"
"1651","A0N0K0401","按行业分实现工艺创新的规模以上制造业企业占全部规模以上制造业企业的比重","0"
"1652","A0N0K0402","按登记注册类型分实现工艺创新的规模以上制造业企业占全部规模以上制造业企业的比重","0"
"1653","A0N0L","高技术产业基本情况(大中型工业企业口径)","0"
"1654","A0N0M","高技术产业专利及新产品生产情况(大中型工业企业口径)","1"
"1655","A0N0M01","高技术产业专利申请数(大中型工业企业口径)","0"
"1656","A0N0M02","高技术产业发明专利申请数(大中型工业企业口径)","0"
"1657","A0N0M03","高技术产业有效发明专利数(大中型工业企业口径)","0"
"1658","A0N0M04","高技术产业新产品产值(大中型工业企业口径)","0"
"1659","A0N0M05","高技术产业新产品销售收入(大中型工业企业口径)","0"
"1660","A0N0M06","高技术产业新产品出口销售收入(大中型工业企业口径)","0"
"1661","A0N0N","高技术产业研究与试验发展活动及新产品开发情况(大中型工业企业口径)","1"
"1662","A0N0N01","高技术产业研究与试验发展机构数(大中型工业企业口径)","0"
"1663","A0N0N02","高技术产业研究与试验发展人员全时当量(大中型工业企业口径)","0"
"1664","A0N0N03","高技术产业研究与试验发展经费(大中型工业企业口径)","0"
"1665","A0N0N04","高技术产业研究与试验发展项目数(大中型工业企业口径)","0"
"1666","A0N0N05","高技术产业研究与试验发展项目经费(大中型工业企业口径)","0"
"1667","A0N0N06","高技术产业新产品开发项目数(大中型工业企业口径)","0"
"1668","A0N0N07","高技术产业新产品开发经费(大中型工业企业口径)","0"
"1669","A0N0O","高技术产业科技活动投入情况(大中型工业企业口径)","1"
"1670","A0N0O01","高技术产业科技活动人员数(大中型工业企业口径)","0"
"1671","A0N0O02","高技术产业研究与试验发展人员全时当量(大中型工业企业口径)","0"
"1672","A0N0O03","高技术产业研究与试验发展科学家和工程师人员全时当量(大中型工业企业口径)","0"
"1673","A0N0O04","高技术产业科技活动经费支出(大中型工业企业口径)","0"
"1674","A0N0O05","高技术产业研究与试验发展经费(大中型工业企业口径)","0"
"1675","A0N0O06","高技术产业新产品开发经费(大中型工业企业口径)","0"
"1676","A0N0O07","高技术产业技术改造经费支出(大中型工业企业口径)","0"
"1677","A0N0P","高技术产业大中型工业企业科技活动产出情况(大中型工业企业口径)","1"
"1678","A0N0P01","高技术产业工业总产值(大中型工业企业口径)","0"
"1679","A0N0P02","高技术产业新产品产值(大中型工业企业口径)","0"
"1680","A0N0P03","高技术产业主营业务收入(大中型工业企业口径)","0"
"1681","A0N0P04","高技术产业新产品销售收入(大中型工业企业口径)","0"
"1682","A0N0P05","高技术产业新产品出口销售收入(大中型工业企业口径)","0"
"1683","A0N0P06","高技术产业利润总额(大中型工业企业口径)","0"
"1684","A0N0P07","高技术产业专利申请数(大中型工业企业口径)","0"
"1685","A0N0P08","高技术产业发明专利申请数(大中型工业企业口径)","0"
"1686","A0N0P09","高技术产业有效发明专利数(大中型工业企业口径)","0"
"1687","A0N0Q","高技术产业生产经营情况","1"
"1688","A0N0Q01","高技术产业企业数","0"
"1689","A0N0Q02","高技术产业从业人员年平均人数","0"
"1690","A0N0Q03","高技术产业总产值","0"
"1691","A0N0Q04","高技术产业主营业务收入","0"
"1692","A0N0Q05","高技术产业利润额","0"
"1693","A0N0Q06","高技术产业利税额","0"
"1694","A0N0Q07","高技术产业出口交货值","0"
"1695","A0N0R","高技术产业研究与试验发展活动情况","1"
"1696","A0N0R01","高技术产业研究与试验发展机构数","0"
"1697","A0N0R02","高技术产业研究与试验发展人员全时当量","0"
"1698","A0N0R03","高技术产业研究与试验发展经费支出","0"
"1699","A0N0R04","高技术产业研究与试验发展项目数","0"
"1700","A0N0R05","高技术产业研究与试验发展项目经费","0"
"1701","A0N0S","高技术产业新产品开发情况","1"
"1702","A0N0S01","高技术产业新产品开发项目数","0"
"1703","A0N0S02","高技术产业新产品开发经费支出","0"
"1704","A0N0S03","高技术产业新产品产值","0"
"1705","A0N0S04","高技术产业新产品销售收入","0"
"1706","A0N0S05","高技术产业新产品出口销售收入","0"
"1707","A0N0T","高技术产业专利情况","1"
"1708","A0N0T01","高技术产业专利申请数","0"
"1709","A0N0T02","高技术产业发明专利申请数","0"
"1710","A0N0T03","高技术产业有效发明专利数","0"
"1711","A0N0U","国内外三种专利申请受理量","0"
"1712","A0N0V","国内外三种专利申请授权量","0"
"1713","A0N0W","国内三种专利申请受理数和授权数","0"
"1714","A0N0X","按国别(地区)分国外专利申请受理量及授权量","1"
"1715","A0N0X01","国外专利申请受理数","0"
"1716","A0N0X02","国外发明专利申请受理数","0"
"1717","A0N0X03","国外实用新型专利申请受理数","0"
"1718","A0N0X04","国外外观设计专利申请受理数","0"
"1719","A0N0X05","国外专利申请授权数","0"
"1720","A0N0X06","国外发明专利申请授权数","0"
"1721","A0N0X07","国外实用新型专利申请授权数","0"
"1722","A0N0X08","国外外观设计专利申请授权数","0"
"1723","A0N0Y","按国际标准分类的发明、实用新型专利申请受理和申请授权","1"
"1724","A0N0Y01","按国际标准分类的发明、实用新型专利申请受理数","0"
"1725","A0N0Y02","按国际标准分类的发明、实用新型专利申请授权数","0"
"1726","A0N0Z","国外主要检索工具收录我国科技论文按学科分布","1"
"1727","A0N0Z01","按学科分国外主要检索工具收录科技论文数","0"
"1728","A0N0Z02","按学科分SCI收录科技论文数","0"
"1729","A0N0Z03","按学科分EI收录科技论文数","0"
"1730","A0N0Z04","按学科分CPCI-S收录科技论文数","0"
"1731","A0N0Z05","国外主要检索工具收录科技论文位次","0"
"1732","A0N10","高技术产品、工业制成品和初级产品的进出口贸易额","0"
"1733","A0N11","公有经济企事业单位专业技术人员数","0"
"1734","A0N12","技术市场成交额","0"
"1735","A0N13","测绘地理信息部门生产完成情况","0"
"1736","A0N14","测绘资料提供情况","0"
"1737","A0N15","地震监测情况","0"
"1738","A0N16","气象业务站点及观测项目情况","0"
"1739","A0N17","产品质量国家监督抽查","0"
"1740","A0N18","产品质量监督检查情况","1"
"1741","A0N1801","产品质量监督检验企业数","0"
"1742","A0N1802","产品质量监督检查有不合格产品企业所占比例","0"
"1743","A0N1803","产品质量监督检查批次合格率","0"
"1744","A0N19","产品质量情况","0"
"1745","A0N1A","产品质量省级监督抽查","0"
"1746","A0N1B","出入境货物检验检疫","0"
"1747","A0N1C","中国科协系统科技活动情况","1"
"1748","A0N1C01","中国科协系统机构情况","0"
"1749","A0N1C02","中国科协系统人员情况","0"
"1750","A0N1C03","中国科协系统经费情况","0"
"1751","A0N1C04","中国科协系统学术交流活动","0"
"1752","A0N1C05","中国科协系统科学技术普及活动","0"
"1753","A0N1C06","中国科协系统科学技术普及专题——青少年科技教育","0"
"1754","A0N1C07","中国科协系统科普资源建设","0"
"1755","A0N1C08","中国科协系统科普基础设施建设","0"
"1756","A0N1C09","中国科协系统国际民间科技交流活动","0"
"1757","A0N1C0A","中国科协系统科技活动和社会服务","0"
"1758","A0N1C0B","中国科协系统科技传媒情况","0"
"1759","A0N1D","规模以上工业企业产品和工艺创新情况","1"
"1760","A0N1D01","有产品或工艺创新活动的规模以上工业企业数","1"
"1761","A0N1D0101","按行业分有产品或工艺创新活动的规模以上工业企业数","0"
"1762","A0N1D0102","按登记注册类型分有产品或工艺创新活动的规模以上工业企业数","0"
"1763","A0N1D02","有产品或工艺创新活动的企业占规模以上工业企业的比重","1"
"1764","A0N1D0201","按行业分有产品或工艺创新活动的企业占规模以上工业企业的比重","0"
"1765","A0N1D0202","按登记注册类型分有产品或工艺创新活动的企业占规模以上工业企业的比重","0"
"1766","A0N1D03","实现产品创新的企业所占比重","1"
"1767","A0N1D0301","按行业分实现产品创新的企业所占比重","0"
"1768","A0N1D0302","按登记注册类型分实现产品创新的企业占规模以上工业企业的比重","0"
"1769","A0N1D04","实现工艺创新的企业所占比重","1"
"1770","A0N1D0401","按行业分实现工艺创新的企业所占比重","0"
"1771","A0N1D0402","按登记注册类型分实现工艺创新的企业占规模以上工业企业的比重","0"
"1772","A0N1E","规模以上工业企业组织(管理)和营销创新情况","1"
"1773","A0N1E01","有组织(管理)或营销创新活动的规模以上工业企业数","1"
"1774","A0N1E0101","按行业分有组织(管理)或营销创新活动的规模以上工业企业数","0"
"1775","A0N1E0102","按登记注册类型分有组织(管理)或营销创新活动的规模以上工业企业数","0"
"1776","A0N1E02","有组织(管理)或营销创新活动的企业占规模以上工业企业的比重","1"
"1777","A0N1E0201","按行业分有组织(管理)或营销创新活动的企业占规模以上工业企业的比重","0"
"1778","A0N1E0202","按登记注册类型分有组织(管理)或营销创新活动的规模以上工业企业占规模以上工业企业的比重","0"
"1779","A0N1E03","实现组织(管理)创新活动的企业占规模以上工业企业的比重","1"
"1780","A0N1E0301","按行业分实现组织(管理)创新活动的企业占规模以上工业企业的比重","0"
"1781","A0N1E0302","按登记注册类型分实现组织(管理)创新活动的规模以上工业企业占规模以上工业企业的比重","0"
"1782","A0N1E04","实现营销创新活动的企业占规模以上工业企业的比重","1"
"1783","A0N1E0401","按行业分实现营销创新活动的企业占规模以上工业企业的比重","0"
"1784","A0N1E0402","按登记注册类型分实现营销创新活动的规模以上工业企业占规模以上工业企业的比重","0"
"1785","A0O","卫生","1"
"1786","A0O01","医疗卫生机构","0"
"1787","A0O02","卫生人员","0"
"1788","A0O03","每万人口卫生技术人员数","0"
"1789","A0O04","村卫生室情况","0"
"1790","A0O05","医疗卫生机构床位","0"
"1791","A0O06","每万人口医疗卫生机构床位数","0"
"1792","A0O07","按床位数分组的社区卫生服务中心(站)","0"
"1793","A0O08","各类医疗卫生机构医疗服务及床位利用","1"
"1794","A0O0801","各类医疗卫生机构诊疗人次数","0"
"1795","A0O0802","各类医疗卫生机构入院人数","0"
"1796","A0O0803","各类医疗卫生机构实际开放总床日数","0"
"1797","A0O0804","各类医疗卫生机构平均开放病床","0"
"1798","A0O0805","各类医疗卫生机构实际占用总床日数","0"
"1799","A0O0806","各类医疗卫生机构出院者占用总床日数","0"
"1800","A0O0807","各类医疗卫生机构病床工作日","0"
"1801","A0O0808","各类医疗卫生机构病床使用率","0"
"1802","A0O0809","各类医疗卫生机构平均住院日","0"
"1803","A0O09","医疗卫生机构门诊服务情况","0"
"1804","A0O0A","医疗卫生机构住院服务情况","0"
"1805","A0O0B","医院床位利用情况","0"
"1806","A0O0C","乡镇卫生院医疗服务情况","0"
"1807","A0O0D","社区卫生服务中心(站)医疗服务情况","0"
"1808","A0O0E","甲乙类法定报告传染病发病人数及死亡人数","1"
"1809","A0O0E01","甲乙类法定报告传染病发病人数","0"
"1810","A0O0E02","甲乙类法定报告传染病死亡人数","0"
"1811","A0O0F","甲乙类法定报告传染病发病率、死亡率及病死率","1"
"1812","A0O0F01","甲乙类法定报告传染病发病率","0"
"1813","A0O0F02","甲乙类法定报告传染病死亡率","0"
"1814","A0O0F03","甲乙类法定报告传染病病死率","0"
"1815","A0O0G","城市居民主要疾病死亡率及死因构成","1"
"1816","A0O0G01","城市居民主要疾病粗死亡率","0"
"1817","A0O0G02","城市居民主要疾病死因构成","0"
"1818","A0O0G03","城市居民主要疾病粗死亡率位次","0"
"1819","A0O0H","农村居民主要疾病死亡率及死因构成","1"
"1820","A0O0H01","农村居民主要疾病粗死亡率","0"
"1821","A0O0H02","农村居民主要疾病死因构成","0"
"1822","A0O0H03","农村居民主要疾病粗死亡率位次","0"
"1823","A0O0I","监测地区5岁以下儿童和孕产妇死亡率","0"
"1824","A0O0J","新型农村合作医疗情况","0"
"1825","A0O0K","卫生总费用","0"
"1826","A0P","社会服务","1"
"1827","A0P01","社会服务机构基本情况","1"
"1828","A0P0101","社会服务机构单位数","0"
"1829","A0P0102","社会服务机构职工人数","0"
"1830","A0P02","社会工作师人员","0"
"1831","A0P03","提供住宿的民政机构床位数","0"
"1832","A0P04","社会福利企业","0"
"1833","A0P05","孤儿和家庭儿童收养","0"
"1834","A0P06","社会救助","0"
"1835","A0P07","医疗救助","0"
"1836","A0P08","优抚安置","0"
"1837","A0P09","福利彩票销售","0"
"1838","A0P0A","社会捐赠","0"
"1839","A0P0B","社区服务机构","0"
"1840","A0P0C","婚姻服务","0"
"1841","A0P0D","殡葬服务","0"
"1842","A0P0E","社会组织","0"
"1843","A0P0F","自治组织","0"
"1844","A0P0G","残疾人事业基本情况","0"
"1845","A0Q","文化","1"
"1846","A0Q01","文化文物机构数","0"
"1847","A0Q02","文化文物从业人员数","0"
"1848","A0Q03","艺术表演团体基本情况","1"
"1849","A0Q0301","艺术表演团体机构数","0"
"1850","A0Q0302","艺术表演团体从业人数","0"
"1851","A0Q0303","艺术表演团体剧团原创首演剧目数","0"
"1852","A0Q0304","艺术表演团体演出场次","0"
"1853","A0Q0305","艺术表演团体国内演出场次","0"
"1854","A0Q0306","艺术表演团体到农村演出场次","0"
"1855","A0Q0307","艺术表演团体国内演出观众人次","0"
"1856","A0Q0308","艺术表演团体国内演出农村观众人次","0"
"1857","A0Q0309","艺术表演团体收入合计","0"
"1858","A0Q030A","艺术表演团体财政拨款收入","0"
"1859","A0Q030B","艺术表演团体演出收入","0"
"1860","A0Q030C","艺术表演团体支出合计","0"
"1861","A0Q030D","政府采购的公益演出活动演出场次","0"
"1862","A0Q030E","政府采购的公益演出活动观众人次","0"
"1863","A0Q04","艺术表演场馆基本情况","1"
"1864","A0Q0401","艺术表演场馆机构数","0"
"1865","A0Q0402","艺术表演场馆从业人数","0"
"1866","A0Q0403","艺术表演场馆坐席数","0"
"1867","A0Q0404","艺术表演场馆演(映)出场次","0"
"1868","A0Q0405","艺术表演场馆艺术演出场次","0"
"1869","A0Q0406","艺术表演场馆观众人次","0"
"1870","A0Q0407","艺术表演场馆艺术演出场次观众人次","0"
"1871","A0Q0408","艺术表演场馆收入合计","0"
"1872","A0Q0409","艺术表演场馆财政拨款收入","0"
"1873","A0Q040A","艺术表演场馆演出收入","0"
"1874","A0Q040B","艺术表演场馆支出合计","0"
"1875","A0Q05","公共图书馆基本情况","1"
"1876","A0Q0501","公共图书馆","0"
"1877","A0Q0502","少儿图书馆","0"
"1878","A0Q0503","中央公共图书馆","0"
"1879","A0Q0504","省、区、直辖市(级)公共图书馆","0"
"1880","A0Q0505","地市级公共图书馆","0"
"1881","A0Q0506","县市级公共图书馆","0"
"1882","A0Q0507","县图书馆","0"
"1883","A0Q06","群众文化机构基本情况","1"
"1884","A0Q0601","群众文化机构","0"
"1885","A0Q0602","省、区、直辖市(级)群众文化机构","0"
"1886","A0Q0603","地市级群众文化机构","0"
"1887","A0Q0604","县市级群众文化机构","0"
"1888","A0Q0605","县文化馆","0"
"1889","A0Q0606","乡镇(街道)文化站","0"
"1890","A0Q0607","乡镇文化站","0"
"1891","A0Q07","文物业基本情况","1"
"1892","A0Q0701","文物业机构数","0"
"1893","A0Q0702","文物业从业人员","0"
"1894","A0Q0703","文物业收入合计","0"
"1895","A0Q0704","文物业支出合计","0"
"1896","A0Q0705","文物业资产总计","0"
"1897","A0Q0706","文物业实际使用房屋建筑面积","0"
"1898","A0Q0707","文物业文物藏品数","0"
"1899","A0Q0708","文物业从有关部门接收文物数","0"
"1900","A0Q0709","文物业藏品征集数","0"
"1901","A0Q070A","文物业举办陈列展览","0"
"1902","A0Q070B","文物业参观人次","0"
"1903","A0Q08","主要文化机构数","0"
"1904","A0Q09","艺术表演团体、艺术表演场馆演出情况","0"
"1905","A0Q0A","博物馆","0"
"1906","A0Q0B","广播电视事业发展情况","0"
"1907","A0Q0C","广播电视节目制作时间","0"
"1908","A0Q0D","广播电视节目播出时间","0"
"1909","A0Q0E","广播电视节目综合人口覆盖情况","0"
"1910","A0Q0F","广播节目制作播出情况","0"
"1911","A0Q0G","电视节目制作播出情况","0"
"1912","A0Q0H","有线广播电视传输干线网络及用户情况","0"
"1913","A0Q0I","广播电视技术情况","0"
"1914","A0Q0J","电视节目进出口情况","1"
"1915","A0Q0J01","电视节目进口总额","0"
"1916","A0Q0J02","电视节目进口量","0"
"1917","A0Q0J03","电视节目出口总额","0"
"1918","A0Q0J04","电视节目出口量","0"
"1919","A0Q0K","电影综合情况","0"
"1920","A0Q0L","图书出版情况","1"
"1921","A0Q0L01","图书出版种数","0"
"1922","A0Q0L02","图书出版印数","0"
"1923","A0Q0L03","图书出版印张数","0"
"1924","A0Q0M","图书、期刊和报纸出版情况","0"
"1925","A0Q0N","少年儿童读物类图书和课本出版情况","0"
"1926","A0Q0O","课本出版情况","0"
"1927","A0Q0P","录像制品出版情况","0"
"1928","A0Q0Q","录音制品出版情况","0"
"1929","A0Q0R","电子出版物出版情况","0"
"1930","A0Q0S","全国图书、期刊、报纸进出口情况","0"
"1931","A0Q0T","音像、电子出版物进出口情况","0"
"1932","A0Q0U","版权合同登记","0"
"1933","A0Q0V","引进和输出版权情况","1"
"1934","A0Q0V01","引进版权总数","0"
"1935","A0Q0V02","引进图书版权总数","0"
"1936","A0Q0V03","引进录音制品版权总数","0"
"1937","A0Q0V04","引进录像制品版权总数","0"
"1938","A0Q0V05","引进电子出版物版权总数","0"
"1939","A0Q0V06","引进软件版权总数","0"
"1940","A0Q0V07","引进电影版权总数","0"
"1941","A0Q0V08","引进电视节目版权总数","0"
"1942","A0Q0V09","引进其它版权总数","0"
"1943","A0Q0V0A","输出版权总数","0"
"1944","A0Q0V0B","输出图书版权总数","0"
"1945","A0Q0V0C","输出录音制品版权总数","0"
"1946","A0Q0V0D","输出录像制品版权总数","0"
"1947","A0Q0V0E","输出电子出版物版权总数","0"
"1948","A0Q0V0F","输出软件版权总数","0"
"1949","A0Q0V0G","输出电影版权总数","0"
"1950","A0Q0V0H","输出电视节目版权总数","0"
"1951","A0Q0V0I","输出其它版权总数","0"
"1952","A0Q0W","出版物发行机构数和网点数","0"
"1953","A0Q0X","出版印刷生产情况","0"
"1954","A0Q0Y","档案馆机构和人员情况","0"
"1955","A0Q0Z","文化产业情况","1"
"1956","A0Q0Z01","年末从业人员","1"
"1957","A0Q0Z0101","按产业类型分文化产业年末从业人员","0"
"1958","A0Q0Z0102","按行业类别分文化产业年末从业人员","0"
"1959","A0Q0Z02","资产总计","1"
"1960","A0Q0Z0201","按产业类型分文化产业资产总计","0"
"1961","A0Q0Z0202","按行业类别分文化产业资产总计","0"
"1962","A0Q0Z03","营业收入","1"
"1963","A0Q0Z0301","按产业类型分文化产业营业收入","0"
"1964","A0Q0Z0302","按行业类别分文化产业营业收入","0"
"1965","A0Q10","规模以上文化企业情况","1"
"1966","A0Q1001","企业单位数","1"
"1967","A0Q100101","按登记注册类型分规模以上文化企业单位数","0"
"1968","A0Q100102","按企业控股情况分规模以上文化企业单位数","0"
"1969","A0Q100103","按行业类别分规模以上文化企业单位数","0"
"1970","A0Q1002","年末从业人员","1"
"1971","A0Q100201","按登记注册类型分规模以上文化企业年末从业人员","0"
"1972","A0Q100202","按企业控股情况分规模以上文化企业年末从业人员","0"
"1973","A0Q100203","按行业类别分规模以上文化企业年末从业人员","0"
"1974","A0Q1003","资产总计","1"
"1975","A0Q100301","按登记注册类型分规模以上文化企业资产总计","0"
"1976","A0Q100302","按企业控股情况分规模以上文化企业资产总计","0"
"1977","A0Q100303","按行业类别分规模以上文化企业资产总计","0"
"1978","A0Q1004","营业收入","1"
"1979","A0Q100401","按登记注册类型分规模以上文化企业营业收入","0"
"1980","A0Q100402","按企业控股情况分规模以上文化企业营业收入","0"
"1981","A0Q100403","按行业类别分规模以上文化企业营业收入","0"
"1982","A0Q1005","税金及附加","1"
"1983","A0Q100501","按登记注册类型分规模以上文化企业税金及附加","0"
"1984","A0Q100502","按企业控股情况分规模以上文化企业税金及附加","0"
"1985","A0Q100503","按行业类别分规模以上文化企业税金及附加","0"
"1986","A0Q1006","营业利润","1"
"1987","A0Q100601","按登记注册类型分规模以上文化企业营业利润","0"
"1988","A0Q100602","按企业控股情况分规模以上文化企业营业利润","0"
"1989","A0Q100603","按行业类别分规模以上文化企业营业利润","0"
"1990","A0Q1007","应交增值税","1"
"1991","A0Q100701","按登记注册类型分规模以上文化企业应交增值税","0"
"1992","A0Q100702","按企业控股情况分规模以上文化企业应交增值税","0"
"1993","A0Q100703","按行业类别分规模以上文化企业应交增值税","0"
"1994","A0Q11","规模以上文化制造业企业情况","1"
"1995","A0Q1101","企业单位数","1"
"1996","A0Q110101","按登记注册类型分规模以上文化制造业企业单位数","0"
"1997","A0Q110102","按企业控股情况分规模以上文化制造业企业单位数","0"
"1998","A0Q1102","年末从业人员","1"
"1999","A0Q110201","按登记注册类型分规模以上文化制造业企业年末从业人员","0"
"2000","A0Q110202","按企业控股情况分规模以上文化制造业企业年末从业人员","0"
"2001","A0Q1103","资产总计","1"
"2002","A0Q110301","按登记注册类型分规模以上文化制造业企业资产总计","0"
"2003","A0Q110302","按企业控股情况分规模以上文化制造业企业资产总计","0"
"2004","A0Q1104","营业收入","1"
"2005","A0Q110401","按登记注册类型分规模以上文化制造业企业营业收入","0"
"2006","A0Q110402","按企业控股情况分规模以上文化制造业企业营业收入","0"
"2007","A0Q1105","税金及附加","1"
"2008","A0Q110501","按登记注册类型分规模以上文化制造业企业税金及附加","0"
"2009","A0Q110502","按企业控股情况分规模以上文化制造业企业税金及附加","0"
"2010","A0Q1106","营业利润","1"
"2011","A0Q110601","按登记注册类型分规模以上文化制造业企业营业利润","0"
"2012","A0Q110602","按企业控股情况分规模以上文化制造业企业营业利润","0"
"2013","A0Q1107","应交增值税","1"
"2014","A0Q110701","按登记注册类型分规模以上文化制造业企业应交增值税","0"
"2015","A0Q110702","按企业控股情况分规模以上文化制造业企业应交增值税","0"
"2016","A0Q12","限额以上文化批发和零售业企业情况","1"
"2017","A0Q1201","企业单位数","1"
"2018","A0Q120101","按登记注册类型分限额以上文化批发和零售业企业单位数","0"
"2019","A0Q120102","按企业控股情况分限额以上文化批发和零售业企业单位数","0"
"2020","A0Q1202","年末从业人员","1"
"2021","A0Q120201","按登记注册类型分限额以上文化批发和零售业企业年末从业人员","0"
"2022","A0Q120202","按企业控股情况分限额以上文化批发和零售业企业年末从业人员","0"
"2023","A0Q1203","资产总计","1"
"2024","A0Q120301","按登记注册类型分限额以上文化批发和零售业企业资产总计","0"
"2025","A0Q120302","按企业控股情况分限额以上文化批发和零售业企业资产总计","0"
"2026","A0Q1204","营业收入","1"
"2027","A0Q120401","按登记注册类型分限额以上文化批发和零售业企业营业收入","0"
"2028","A0Q120402","按企业控股情况分限额以上文化批发和零售业企业营业收入","0"
"2029","A0Q1205","税金及附加","1"
"2030","A0Q120501","按登记注册类型分限额以上文化批发和零售业企业税金及附加","0"
"2031","A0Q120502","按企业控股情况分限额以上文化批发和零售业企业税金及附加","0"
"2032","A0Q1206","营业利润","1"
"2033","A0Q120601","按登记注册类型分限额以上文化批发和零售业企业营业利润","0"
"2034","A0Q120602","按企业控股情况分限额以上文化批发和零售业企业营业利润","0"
"2035","A0Q1207","应交增值税","1"
"2036","A0Q120701","按登记注册类型分限额以上文化批发和零售业企业应交增值税","0"
"2037","A0Q120702","按企业控股情况分限额以上文化批发和零售业企业应交增值税","0"
"2038","A0Q13","规模以上文化服务业企业情况","1"
"2039","A0Q1301","企业单位数","1"
"2040","A0Q130101","按登记注册类型分规模以上文化服务业企业单位数","0"
"2041","A0Q130102","按企业控股情况分规模以上文化服务业企业单位数","0"
"2042","A0Q1302","年末从业人员","1"
"2043","A0Q130201","按登记注册类型分规模以上文化服务业企业年末从业人员","0"
"2044","A0Q130202","按企业控股情况分规模以上文化服务业企业年末从业人员","0"
"2045","A0Q1303","资产总计","1"
"2046","A0Q130301","按登记注册类型分规模以上文化服务业企业资产总计","0"
"2047","A0Q130302","按企业控股情况分规模以上文化服务业企业资产总计","0"
"2048","A0Q1304","营业收入","1"
"2049","A0Q130401","按登记注册类型分规模以上文化服务业企业营业收入","0"
"2050","A0Q130402","按企业控股情况分规模以上文化服务业企业营业收入","0"
"2051","A0Q1305","税金及附加","1"
"2052","A0Q130501","按登记注册类型分规模以上文化服务业企业税金及附加","0"
"2053","A0Q130502","按企业控股情况分规模以上文化服务业企业税金及附加","0"
"2054","A0Q1306","营业利润","1"
"2055","A0Q130601","按登记注册类型分规模以上文化服务业企业营业利润","0"
"2056","A0Q130602","按企业控股情况分规模以上文化服务业企业营业利润","0"
"2057","A0Q1307","应交增值税","1"
"2058","A0Q130701","按登记注册类型分规模以上文化服务业企业应交增值税","0"
"2059","A0Q130702","按企业控股情况分规模以上文化服务业企业应交增值税","0"
"2060","A0Q14","图书出版机构及人员情况","0"
"2061","A0Q15","出版物发行购、销、存情况","0"
"2062","A0Q16","作品自愿登记情况","0"
"2063","A0R","体育","1"
"2064","A0R01","体育系统机构人员情况","1"
"2065","A0R0101","体育系统机构数","0"
"2066","A0R0102","体育系统人员数","0"
"2067","A0R02","运动员获世界冠军情况","0"
"2068","A0R03","运动员分项创世界纪录情况","0"
"2069","A0R04","分技术等级运动员发展人数","0"
"2070","A0R05","分项目分技术等级运动员发展人数","1"
"2071","A0R0501","分项目等级运动员发展人数","0"
"2072","A0R0502","分项目等级女运动员发展人数","0"
"2073","A0R0503","分项目国际级运动健将数","0"
"2074","A0R0504","分项目国际级女运动健将数","0"
"2075","A0R0505","分项目运动健将数","0"
"2076","A0R0506","分项目女运动健将数","0"
"2077","A0R0507","分项目一级运动员数","0"
"2078","A0R0508","分项目一级女运动员数","0"
"2079","A0R0509","分项目二级运动员数","0"
"2080","A0R050A","分项目二级女运动员数","0"
"2081","A0R06","分等级教练员发展人数","0"
"2082","A0S","公共管理、社会保障及其他","1"
"2083","A0S01","历届全国人民代表大会代表人数","0"
"2084","A0S02","历届全国政治协商会议委员人数","0"
"2085","A0S03","妇联干部情况","0"
"2086","A0S04","工会组织情况","0"
"2087","A0S05","劳动争议处理情况","0"
"2088","A0S06","律师、公证和调解工作基本情况","0"
"2089","A0S07","国内公证文书分类","1"
"2090","A0S0701","经济办证","0"
"2091","A0S0702","民事法律关系办证","0"
"2092","A0S08","涉外公证文书分类","0"
"2093","A0S09","调解民间纠纷分类","0"
"2094","A0S0A","在押服刑人员基本情况","0"
"2095","A0S0B","公安机关立案的刑事案件","0"
"2096","A0S0C","公安机关受理和查处治安案件数","1"
"2097","A0S0C01","公安机关受理治安案件数","0"
"2098","A0S0C02","公安机关查处治安案件数","0"
"2099","A0S0C03","每万人口受理案件数","0"
"2100","A0S0D","交通事故","1"
"2101","A0S0D01","交通事故发生数","0"
"2102","A0S0D02","交通事故死亡人数","0"
"2103","A0S0D03","交通事故受伤人数","0"
"2104","A0S0D04","交通事故直接财产损失","0"
"2105","A0S0E","火灾事故","1"
"2106","A0S0E01","火灾发生数","0"
"2107","A0S0E02","火灾死亡人数","0"
"2108","A0S0E03","火灾受伤人数","0"
"2109","A0S0E04","火灾直接经济损失","0"
"2110","A0S0E05","火灾平均每起事故损失","0"
"2111","A0S0E06","人口火灾发生率","0"
"2112","A0S0F","人民检察院直接立案侦查案件情况","1"
"2113","A0S0F01","人民检察院受案数","0"
"2114","A0S0F02","人民检察院立案件数","0"
"2115","A0S0F03","人民检察院立案人数","0"
"2116","A0S0F04","人民检察院结案件数","0"
"2117","A0S0F05","人民检察院结案人数","0"
"2118","A0S0G","人民检察院审查批准、决定逮捕犯罪嫌疑人和提起公诉被告人情况","1"
"2119","A0S0G01","人民检察院批捕、决定逮捕件数","0"
"2120","A0S0G02","人民检察院批捕、决定逮捕人数","0"
"2121","A0S0G03","人民检察院决定起诉件数","0"
"2122","A0S0G04","人民检察院决定起诉人数","0"
"2123","A0S0H","人民检察院处理申诉案件情况","1"
"2124","A0S0H01","人民检察院申诉案件受案件数","0"
"2125","A0S0H02","人民检察院申诉案件立案复查件数","0"
"2126","A0S0H03","人民检察院申诉案件结案件数","0"
"2127","A0S0I","人民检察院出庭公诉情况","1"
"2128","A0S0I01","人民检察院适用简易程序案件数","0"
"2129","A0S0I02","人民检察院出庭公诉案件数","0"
"2130","A0S0I03","人民检察院一审出庭公诉案件数","0"
"2131","A0S0I04","人民检察院二审出庭公诉案件数","0"
"2132","A0S0I05","人民检察院二审上诉案案件数","0"
"2133","A0S0I06","人民检察院二审抗诉案案件数","0"
"2134","A0S0I07","人民检察院再审出庭公诉案件数","0"
"2135","A0S0J","人民检察院办理刑事抗诉案件情况","1"
"2136","A0S0J01","人民检察院提出抗诉案件数","0"
"2137","A0S0J02","人民检察院撤回抗诉案件数","0"
"2138","A0S0J03","人民检察院审判结果案件数","0"
"2139","A0S0J04","人民检察院改判案件数","0"
"2140","A0S0J05","人民检察院维持原判案件数","0"
"2141","A0S0J06","人民检察院发回重审案件数","0"
"2142","A0S0K","人民检察院办理民事、行政抗诉案件情况","1"
"2143","A0S0K01","人民检察院办理民事、行政抗诉案件","0"
"2144","A0S0K02","人民检察院民事案件","0"
"2145","A0S0K03","人民检察院行政案件","0"
"2146","A0S0L","人民检察院受理举报、控告和申诉案件情况","0"
"2147","A0S0M","人民检察院纠正违法情况","1"
"2148","A0S0M01","人民检察院书面提出纠正","0"
"2149","A0S0M02","人民检察院已纠正","0"
"2150","A0S0N","人民法院审理一审案件情况","0"
"2151","A0S0O","人民法院审理刑事一审案件收结案情况","1"
"2152","A0S0O01","人民法院刑事收案件数","0"
"2153","A0S0O02","人民法院刑事结案件数","0"
"2154","A0S0P","人民法院审理刑事案件罪犯情况","0"
"2155","A0S0Q","人民法院审理婚姻家庭、继承一审案件收结案情况","1"
"2156","A0S0Q01","人民法院审理婚姻家庭、继承一审案件收案件数","0"
"2157","A0S0Q02","人民法院审理婚姻家庭、继承一审案件案件结案件数","0"
"2158","A0S0Q03","人民法院审理婚姻家庭、继承一审案件案件调解件数","0"
"2159","A0S0Q04","人民法院审理婚姻家庭、继承一审案件案件判决件数","0"
"2160","A0S0Q05","人民法院审理婚姻家庭、继承一审案件案件驳回件数","0"
"2161","A0S0Q06","人民法院审理婚姻家庭、继承一审案件案件撤诉件数","0"
"2162","A0S0Q07","人民法院审理婚姻家庭、继承一审案件其他案件结案件数","0"
"2163","A0S0R","人民法院审理合同纠纷一审案件收结案情况","1"
"2164","A0S0R01","人民法院审理合同纠纷一审案件收案件数","0"
"2165","A0S0R02","人民法院审理合同纠纷一审案件结案件数","0"
"2166","A0S0R03","人民法院审理合同纠纷一审案件调解件数","0"
"2167","A0S0R04","人民法院审理合同纠纷一审案件判决件数","0"
"2168","A0S0R05","人民法院审理合同纠纷一审案件驳回件数","0"
"2169","A0S0R06","人民法院审理合同纠纷一审案件撤诉件数","0"
"2170","A0S0R07","人民法院审理合同纠纷一审案件其他结案件数","0"
"2171","A0S0S","人民法院审理权属、侵权纠纷及其他民事一审案件收结案情况","1"
"2172","A0S0S01","人民法院审理权属、侵权纠纷及其他民事一审案件收案件数","0"
"2173","A0S0S02","人民法院审理权属、侵权纠纷及其他民事一审案件结案件数","0"
"2174","A0S0S03","人民法院审理权属、侵权纠纷及其他民事一审案件调解件数","0"
"2175","A0S0S04","人民法院审理权属、侵权纠纷及其他民事一审案件判决件数","0"
"2176","A0S0S05","人民法院审理权属、侵权纠纷及其他民事一审案件驳回件数","0"
"2177","A0S0S06","人民法院审理权属、侵权纠纷及其他民事一审案件撤诉件数","0"
"2178","A0S0S07","人民法院审理权属、侵权纠纷及其他民事一审案件其他结案件数","0"
"2179","A0S0T","人民法院审理行政一审案件收结案情况","1"
"2277","A0S0T01","人民法院审理行政一审案件收案件数","0"
"2278","A0S0T02","人民法院审理行政一审案件结案件数","0"
"2279","A0S0T03","人民法院审理行政一审案件维持件数","0"
"2280","A0S0T04","人民法院审理行政一审案件撤销件数","0"
"2281","A0S0T05","人民法院审理行政一审案件驳回件数","0"
"2282","A0S0T06","人民法院审理行政一审案件撤诉件数","0"
"2283","A0S0T07","人民法院审理行政一审案件单独赔偿件数","0"
"2284","A0S0T08","人民法院审理行政一审案件其他结案件数","0"
"2285","A0S0U","社会保险基金收支及累计结余","0"
"2286","A0S0V","参加城镇基本养老保险人数","0"
"2287","A0S0W","社会保险基本情况","0"
"2288","A0S0X","城镇基本养老保险","0"
"2289","A0S0Y","失业保险","0"
"2290","A0S0Z","城镇基本医疗保险","0"
"2291","A0S10","工伤保险","0"
"2292","A0S11","生育保险","0"
"2293","A0S12","新型农村社会养老保险试点情况","0"
"2294","A0S13","城乡居民社会养老保险情况","0"
